session_id,trader_id,archetype,session_start,duration_minutes,total_trades,total_contracts,win_rate_pct,gross_pnl_inr,slippage_inr,brokerage_taxes_inr,net_pnl_inr,max_drawdown_pct,drawdown_velocity_inr_per_min,rapid_click_bursts,size_escalation_ratio,revenge_trading_detected,tilt_composite_score,fatigue_index,rms_intervention_status,rms_evaluation_latency_us
SESS_00001,TRADER_1492,Tilt-Prone Revenge,2026-09-15T12:29:15.646777+00:00,218,74,1910,28.43,-17232.58,5601.98,2981.54,-25816.1,18.82,79.05,22,3.37,True,73.0,83.5,MANDATORY_COOLDOWN,146.6
SESS_00002,TRADER_2192,Gambler 0DTE,2026-09-16T15:19:15.646777+00:00,48,186,4030,25.11,-2695.52,33469.13,7443.37,-43608.02,24.23,56.16,18,3.28,False,90.9,29.4,MANDATORY_COOLDOWN,132.99
SESS_00003,TRADER_1047,Tilt-Prone Revenge,2026-09-25T10:33:15.646777+00:00,334,211,4232,32.55,-82598.39,29110.5,8543.25,-120252.14,13.18,247.3,20,3.77,True,93.9,100.0,HARD_KILL_SWITCH,106.37
SESS_00004,TRADER_1294,Disciplined Scalper,2026-09-26T10:38:15.646777+00:00,329,33,271,56.25,40210.96,3335.16,1370.26,35505.54,2.88,0.0,2,1.08,False,7.7,55.1,NORMAL,143.54
SESS_00005,TRADER_1970,Aggressive Momentum,2026-09-21T13:23:15.646777+00:00,164,44,161,57.94,38515.17,3251.22,1808.14,33455.81,3.58,0.0,2,1.38,False,42.0,43.2,NORMAL,164.35
SESS_00006,TRADER_1514,Disciplined Scalper,2026-09-17T13:24:15.646777+00:00,163,48,373,54.44,29650.4,2661.84,1957.06,25031.5,2.59,0.0,2,1.07,False,14.5,28.1,NORMAL,99.06
SESS_00007,TRADER_1546,Disciplined Scalper,2026-09-18T14:58:15.646777+00:00,69,18,105,64.85,44572.34,2324.47,775.72,41472.15,3.64,0.0,2,1.06,False,19.8,12.6,NORMAL,97.76
SESS_00008,TRADER_2282,Disciplined Scalper,2026-09-28T11:05:15.646777+00:00,302,19,80,60.1,34331.12,2952.93,802.91,30575.28,3.78,0.0,1,1.1,False,7.8,52.6,NORMAL,95.91
SESS_00009,TRADER_1196,Aggressive Momentum,2026-09-22T14:17:15.646777+00:00,110,43,299,51.73,-5583.68,4400.86,1726.98,-11711.52,7.23,50.76,5,1.44,False,58.4,40.9,THROTTLE_SIZE,164.06
SESS_00010,TRADER_1989,Tilt-Prone Revenge,2026-09-21T10:41:15.646777+00:00,326,216,3127,29.94,-58128.74,26045.87,8712.66,-92887.27,16.5,178.31,11,3.18,True,72.9,100.0,MANDATORY_COOLDOWN,152.56
SESS_00011,TRADER_1218,Gambler 0DTE,2026-09-26T15:14:15.646777+00:00,53,136,1207,38.4,-27100.04,16483.77,5473.88,-49057.69,17.18,511.32,10,3.27,False,78.2,26.2,MANDATORY_COOLDOWN,130.23
SESS_00012,TRADER_1943,Disciplined Scalper,2026-09-15T13:12:15.646777+00:00,175,49,341,59.29,44204.91,5191.33,2015.26,36998.32,4.22,0.0,2,1.14,False,5.7,34.9,NORMAL,160.8
SESS_00013,TRADER_1776,Disciplined Scalper,2026-09-25T11:54:15.646777+00:00,253,42,245,54.18,32564.19,7276.79,1720.71,23566.69,1.97,0.0,1,1.12,False,26.3,39.9,NORMAL,164.3
SESS_00014,TRADER_1466,Disciplined Scalper,2026-09-22T14:52:15.646777+00:00,75,38,247,52.64,29817.44,4872.08,1557.27,23388.09,3.91,0.0,0,1.12,False,26.8,15.5,NORMAL,125.49
SESS_00015,TRADER_1171,Gambler 0DTE,2026-09-24T12:51:15.646777+00:00,196,80,882,28.26,-29317.17,10174.27,3236.65,-42728.09,33.0,149.58,19,2.77,False,81.7,61.4,MANDATORY_COOLDOWN,116.44
SESS_00016,TRADER_1870,Aggressive Momentum,2026-09-27T13:06:15.646777+00:00,181,79,268,55.76,23607.51,5050.59,3189.51,15367.41,5.91,0.0,6,1.18,False,40.9,51.1,NORMAL,92.45
SESS_00017,TRADER_1939,Aggressive Momentum,2026-09-26T14:02:15.646777+00:00,125,44,359,46.55,28266.85,7208.09,1795.33,19263.43,4.27,0.0,4,1.46,True,61.1,42.1,THROTTLE_SIZE,83.35
SESS_00018,TRADER_1006,Tilt-Prone Revenge,2026-09-19T15:42:15.646777+00:00,25,173,4783,33.12,-91263.7,28003.09,7034.08,-126300.87,22.91,3650.55,21,4.14,True,92.0,27.8,HARD_KILL_SWITCH,139.65
SESS_00019,TRADER_2322,Disciplined Scalper,2026-09-26T15:27:15.646777+00:00,40,57,435,68.54,22036.69,8913.78,2307.55,10815.36,3.75,0.0,1,1.11,False,7.6,11.8,NORMAL,117.82
SESS_00020,TRADER_2205,Algorithmic Semi-Auto,2026-09-26T13:21:15.646777+00:00,166,353,2344,55.94,75912.56,21844.88,14214.89,39852.79,2.73,0.0,2,1.0,False,2.1,15.0,NORMAL,100.81
SESS_00021,TRADER_1371,Gambler 0DTE,2026-09-25T12:23:15.646777+00:00,224,160,920,30.62,-80768.3,27533.05,6500.96,-114802.31,31.92,360.57,22,1.92,False,87.4,68.9,MANDATORY_COOLDOWN,167.38
SESS_00022,TRADER_1849,Gambler 0DTE,2026-09-16T14:21:15.646777+00:00,106,161,3293,38.71,6571.14,10601.35,6448.21,-10478.42,17.74,0.0,18,3.05,False,76.3,41.0,MANDATORY_COOLDOWN,101.29
SESS_00023,TRADER_2303,Gambler 0DTE,2026-09-24T11:37:15.646777+00:00,270,117,1269,25.51,33145.67,11603.57,4721.43,16820.67,40.05,0.0,25,2.16,True,71.8,80.5,THROTTLE_SIZE,130.48
SESS_00024,TRADER_2345,Aggressive Momentum,2026-09-17T15:18:15.646777+00:00,49,38,224,51.63,47378.4,2301.78,1579.22,43497.4,7.61,0.0,3,1.51,False,55.9,17.0,THROTTLE_SIZE,124.43
SESS_00025,TRADER_1197,Aggressive Momentum,2026-09-22T14:47:15.646777+00:00,80,62,420,51.61,-3773.68,5523.18,2484.72,-11781.58,7.75,47.17,6,1.3,False,48.0,29.5,NORMAL,127.43
SESS_00026,TRADER_2109,Disciplined Scalper,2026-09-17T14:07:15.646777+00:00,120,21,132,55.21,34880.35,2891.22,883.6,31105.53,4.18,0.0,0,1.0,False,26.0,26.2,NORMAL,149.44
SESS_00027,TRADER_1687,Aggressive Momentum,2026-09-18T14:49:15.646777+00:00,78,103,647,55.66,30612.56,5998.9,4158.27,20455.39,5.79,0.0,6,1.38,False,40.5,30.6,NORMAL,117.13
SESS_00028,TRADER_2106,Tilt-Prone Revenge,2026-09-17T11:20:15.646777+00:00,287,235,5368,35.07,-35198.19,36507.39,9444.0,-81149.58,22.13,122.64,26,3.84,True,91.9,96.4,HARD_KILL_SWITCH,152.88
SESS_00029,TRADER_1509,Disciplined Scalper,2026-09-20T15:23:15.646777+00:00,44,24,150,70.61,22807.45,4192.91,988.51,17626.03,1.74,0.0,1,1.08,False,10.8,7.5,NORMAL,107.97
SESS_00030,TRADER_1430,Aggressive Momentum,2026-09-26T10:27:15.646777+00:00,340,64,292,56.64,2594.97,11509.2,2563.24,-11477.47,7.81,0.0,7,1.55,False,64.3,75.5,THROTTLE_SIZE,167.99
SESS_00031,TRADER_1691,Tilt-Prone Revenge,2026-09-25T11:56:15.646777+00:00,251,122,2621,30.08,-90689.39,16461.32,4993.36,-112144.07,15.04,361.31,28,4.47,True,97.3,94.4,HARD_KILL_SWITCH,137.72
SESS_00032,TRADER_1592,Gambler 0DTE,2026-09-21T12:03:15.646777+00:00,244,151,860,35.05,14947.23,13978.46,6058.68,-5089.91,25.03,0.0,18,2.26,True,64.1,73.2,THROTTLE_SIZE,140.5
SESS_00033,TRADER_1099,Algorithmic Semi-Auto,2026-09-17T14:56:15.646777+00:00,71,249,941,64.4,64042.54,42572.16,10040.05,11430.33,2.59,0.0,2,1.0,False,2.2,15.0,NORMAL,135.47
SESS_00034,TRADER_1230,Tilt-Prone Revenge,2026-09-18T11:38:15.646777+00:00,269,129,2543,43.57,-104160.85,20590.58,5290.2,-130041.63,27.52,387.22,9,3.2,True,89.0,96.1,HARD_KILL_SWITCH,166.08
SESS_00035,TRADER_2334,Tilt-Prone Revenge,2026-09-25T11:51:15.646777+00:00,256,180,2764,43.68,-32096.16,12064.93,7240.12,-51401.21,13.51,125.38,22,3.2,True,84.7,90.1,MANDATORY_COOLDOWN,151.99
SESS_00036,TRADER_1775,Aggressive Momentum,2026-09-19T12:59:15.646777+00:00,188,51,488,56.47,61501.24,8430.8,2116.88,50953.56,5.84,0.0,5,1.42,False,44.8,44.6,NORMAL,160.62
SESS_00037,TRADER_1095,Tilt-Prone Revenge,2026-09-18T10:30:15.646777+00:00,337,208,2061,37.19,-31551.23,28580.85,8359.44,-68491.52,20.45,93.62,27,2.83,True,89.0,100.0,HARD_KILL_SWITCH,127.67
SESS_00038,TRADER_1375,Tilt-Prone Revenge,2026-09-16T12:53:15.646777+00:00,194,159,4503,36.27,-20383.49,11754.08,6385.48,-38523.05,23.93,105.07,28,3.93,True,72.9,80.2,MANDATORY_COOLDOWN,125.25
SESS_00039,TRADER_2134,Disciplined Scalper,2026-09-18T11:53:15.646777+00:00,254,12,50,66.53,25082.76,851.26,511.35,23720.15,1.32,0.0,0,1.07,False,16.9,38.8,NORMAL,156.84
SESS_00040,TRADER_1307,Disciplined Scalper,2026-09-23T12:33:15.646777+00:00,214,13,51,69.01,40829.57,1159.25,571.04,39099.28,3.31,0.0,2,1.15,False,16.9,39.8,NORMAL,154.21
SESS_00041,TRADER_1665,Aggressive Momentum,2026-09-25T11:09:15.646777+00:00,298,133,981,48.33,56252.92,7253.8,5390.32,43608.8,4.76,0.0,5,1.55,True,53.6,64.8,THROTTLE_SIZE,104.46
SESS_00042,TRADER_2349,Tilt-Prone Revenge,2026-09-22T14:41:15.646777+00:00,86,232,2298,39.31,-50072.5,14167.04,9342.59,-73582.13,18.08,582.24,15,2.28,True,83.1,50.4,MANDATORY_COOLDOWN,120.43
SESS_00043,TRADER_1189,Disciplined Scalper,2026-09-21T13:38:15.646777+00:00,149,37,247,63.37,23536.95,4452.62,1509.42,17574.91,3.39,0.0,2,1.12,False,15.4,23.3,NORMAL,121.86
SESS_00044,TRADER_1124,Disciplined Scalper,2026-09-15T13:30:15.646777+00:00,157,32,133,59.68,10071.63,5663.59,1292.59,3115.45,3.09,0.0,0,1.08,False,27.2,25.8,NORMAL,113.71
SESS_00045,TRADER_1944,Disciplined Scalper,2026-09-15T11:52:15.646777+00:00,255,56,433,60.14,19421.5,4439.15,2264.28,12718.07,2.69,0.0,1,1.08,False,11.3,40.4,NORMAL,156.36
SESS_00046,TRADER_1627,Tilt-Prone Revenge,2026-09-19T11:24:15.646777+00:00,283,191,2764,33.4,-95350.38,18154.36,7759.19,-121263.93,20.78,336.93,13,3.43,True,96.3,100.0,HARD_KILL_SWITCH,194.27
SESS_00047,TRADER_1057,Gambler 0DTE,2026-09-26T11:45:15.646777+00:00,262,73,717,31.32,-55550.93,9790.4,2989.44,-68330.77,41.3,212.03,24,1.84,False,81.7,87.5,MANDATORY_COOLDOWN,119.5
SESS_00048,TRADER_1170,Disciplined Scalper,2026-09-15T11:56:15.646777+00:00,251,50,153,52.59,26544.6,4211.27,2033.18,20300.15,2.58,0.0,0,1.14,False,21.6,44.1,NORMAL,129.03
SESS_00049,TRADER_1482,Aggressive Momentum,2026-09-27T15:32:15.646777+00:00,35,52,278,45.39,24998.14,6788.55,2111.25,16098.34,7.42,0.0,5,1.48,False,54.9,20.9,THROTTLE_SIZE,124.86
SESS_00050,TRADER_1878,Tilt-Prone Revenge,2026-09-17T12:42:15.646777+00:00,205,68,689,41.17,-23525.3,6043.44,2749.41,-32318.15,23.61,114.76,26,2.09,True,86.2,79.0,MANDATORY_COOLDOWN,130.3
SESS_00051,TRADER_1572,Aggressive Momentum,2026-09-29T12:50:15.646777+00:00,197,36,305,50.18,-3483.91,4632.87,1444.35,-9561.13,7.07,17.68,3,1.54,False,52.0,52.9,THROTTLE_SIZE,182.92
SESS_00052,TRADER_1485,Disciplined Scalper,2026-09-16T15:30:15.646777+00:00,37,34,168,55.82,10687.91,3599.95,1373.36,5714.6,3.09,0.0,1,1.09,False,16.2,11.9,NORMAL,183.83
SESS_00053,TRADER_1669,Tilt-Prone Revenge,2026-09-24T12:08:15.646777+00:00,239,229,3792,29.44,-136671.04,37176.98,9330.84,-183178.86,11.79,571.85,16,4.31,True,75.7,85.2,MANDATORY_COOLDOWN,146.47
SESS_00054,TRADER_1110,Aggressive Momentum,2026-09-18T11:44:15.646777+00:00,263,59,257,49.37,33191.85,6456.29,2401.49,24334.07,7.07,0.0,4,1.38,True,54.1,69.1,THROTTLE_SIZE,141.3
SESS_00055,TRADER_2203,Disciplined Scalper,2026-09-29T15:44:15.646777+00:00,23,51,342,52.88,42537.68,6534.27,2093.17,33910.24,3.34,0.0,2,1.02,False,9.6,9.1,NORMAL,128.12
SESS_00056,TRADER_1499,Tilt-Prone Revenge,2026-09-20T10:41:15.646777+00:00,326,187,6177,40.93,-126958.94,28744.41,7638.7,-163342.05,23.59,389.44,26,4.76,True,97.5,100.0,HARD_KILL_SWITCH,177.05
SESS_00057,TRADER_1983,Aggressive Momentum,2026-09-18T11:44:15.646777+00:00,263,61,572,57.94,-855.3,6837.57,2441.07,-10133.94,6.68,3.25,6,1.59,True,59.8,70.9,THROTTLE_SIZE,155.58
SESS_00058,TRADER_1311,Disciplined Scalper,2026-09-27T12:39:15.646777+00:00,208,47,248,55.71,23461.23,8160.89,1909.33,13391.01,1.76,0.0,1,1.09,False,20.4,36.0,NORMAL,171.3
SESS_00059,TRADER_1801,Gambler 0DTE,2026-09-17T14:03:15.646777+00:00,124,80,990,28.65,-44336.99,14061.52,3255.42,-61653.93,21.87,357.56,12,2.15,True,77.8,54.2,MANDATORY_COOLDOWN,129.71
SESS_00060,TRADER_1254,Tilt-Prone Revenge,2026-09-16T13:24:15.646777+00:00,163,197,3312,42.68,-19693.77,33447.0,7904.62,-61045.39,14.87,120.82,17,2.61,True,95.4,65.3,HARD_KILL_SWITCH,166.37
SESS_00061,TRADER_1743,Disciplined Scalper,2026-09-29T12:12:15.646777+00:00,235,65,202,54.85,41003.61,8028.97,2651.25,30323.39,3.66,0.0,2,1.08,False,24.9,35.8,NORMAL,108.74
SESS_00062,TRADER_2132,Disciplined Scalper,2026-09-25T14:56:15.646777+00:00,71,17,79,53.36,15202.93,1469.22,699.0,13034.71,1.98,0.0,2,1.09,False,12.8,11.2,NORMAL,126.39
SESS_00063,TRADER_2336,Aggressive Momentum,2026-09-28T15:31:15.646777+00:00,36,133,549,51.81,59458.74,12045.12,5394.32,42019.3,8.52,0.0,6,1.13,True,49.1,26.5,NORMAL,193.46
SESS_00064,TRADER_1640,Disciplined Scalper,2026-09-17T10:33:15.646777+00:00,334,12,48,64.36,33496.79,1518.92,521.87,31456.0,3.41,0.0,0,1.12,False,8.9,59.9,NORMAL,115.71
SESS_00065,TRADER_1853,Gambler 0DTE,2026-09-29T10:29:15.646777+00:00,338,65,622,28.87,-27552.89,10723.06,2634.44,-40910.39,24.96,81.52,10,2.95,False,71.0,95.3,THROTTLE_SIZE,163.74
SESS_00066,TRADER_2139,Disciplined Scalper,2026-09-18T13:07:15.646777+00:00,180,27,183,68.53,12874.39,1916.64,1096.09,9861.66,2.11,0.0,2,1.06,False,25.3,30.0,NORMAL,137.55
SESS_00067,TRADER_1605,Disciplined Scalper,2026-09-16T11:29:15.646777+00:00,278,56,367,57.82,11341.41,5720.14,2254.18,3367.09,2.82,0.0,1,1.14,False,20.5,51.4,NORMAL,135.24
SESS_00068,TRADER_1273,Gambler 0DTE,2026-09-28T12:32:15.646777+00:00,215,148,2538,25.9,20650.16,25889.09,5945.81,-11184.74,33.51,0.0,24,3.2,True,75.7,75.5,MANDATORY_COOLDOWN,124.5
SESS_00069,TRADER_1600,Tilt-Prone Revenge,2026-09-23T14:10:15.646777+00:00,117,130,3350,40.88,-125334.44,14962.0,5356.67,-145653.11,20.7,1071.23,24,4.19,True,76.3,57.4,MANDATORY_COOLDOWN,179.15
SESS_00070,TRADER_2168,Tilt-Prone Revenge,2026-09-29T14:30:15.646777+00:00,97,210,2523,44.46,-121379.18,33040.67,8551.72,-162971.57,28.21,1251.33,24,3.63,True,80.6,45.3,MANDATORY_COOLDOWN,133.14
SESS_00071,TRADER_1099,Disciplined Scalper,2026-09-24T13:05:15.646777+00:00,182,33,204,65.1,8167.21,4080.39,1330.21,2756.61,3.53,0.0,1,1.07,False,27.2,30.7,NORMAL,179.19
SESS_00072,TRADER_1885,Aggressive Momentum,2026-09-15T11:09:15.646777+00:00,298,99,770,59.48,56032.28,10745.69,4030.04,41256.55,5.18,0.0,2,1.11,False,55.5,74.6,THROTTLE_SIZE,156.35
SESS_00073,TRADER_1743,Aggressive Momentum,2026-09-26T12:46:15.646777+00:00,201,106,860,53.77,48965.18,8178.68,4301.21,36485.29,7.01,0.0,7,1.41,False,57.1,52.0,THROTTLE_SIZE,161.7
SESS_00074,TRADER_1021,Tilt-Prone Revenge,2026-09-28T10:55:15.646777+00:00,312,112,1231,37.96,-73390.32,8202.07,4571.74,-86164.13,23.21,235.23,13,3.31,True,86.5,100.0,MANDATORY_COOLDOWN,116.53
SESS_00075,TRADER_1388,Tilt-Prone Revenge,2026-09-17T15:34:15.646777+00:00,33,86,903,38.84,-124583.0,8728.52,3595.73,-136907.25,10.63,3775.24,19,2.21,True,73.1,39.3,MANDATORY_COOLDOWN,90.48
SESS_00076,TRADER_2228,Gambler 0DTE,2026-09-22T11:39:15.646777+00:00,268,147,754,30.57,22961.84,22164.36,5908.7,-5111.22,12.16,0.0,16,1.98,False,84.8,85.8,MANDATORY_COOLDOWN,184.17
SESS_00077,TRADER_1201,Gambler 0DTE,2026-09-19T11:01:15.646777+00:00,306,128,2571,35.83,-10491.76,9928.52,5133.11,-25553.39,16.79,34.29,19,2.93,False,81.7,99.0,MANDATORY_COOLDOWN,140.15
SESS_00078,TRADER_1783,Tilt-Prone Revenge,2026-09-24T14:46:15.646777+00:00,81,271,8981,43.59,-134327.44,17015.18,11007.91,-162350.53,29.22,1658.36,19,4.63,True,84.4,46.6,MANDATORY_COOLDOWN,171.28
SESS_00079,TRADER_2347,Aggressive Momentum,2026-09-22T13:21:15.646777+00:00,166,51,428,47.82,61346.86,4067.72,2116.68,55162.46,8.77,0.0,3,1.54,False,50.5,44.5,THROTTLE_SIZE,141.37
SESS_00080,TRADER_1469,Tilt-Prone Revenge,2026-09-28T12:14:15.646777+00:00,233,128,2589,35.36,-88605.92,8888.69,5230.76,-102725.37,25.59,380.28,22,4.53,True,96.8,89.9,HARD_KILL_SWITCH,159.24
SESS_00081,TRADER_1930,Tilt-Prone Revenge,2026-09-24T11:37:15.646777+00:00,270,210,1976,38.91,-138121.79,32212.76,8572.65,-178907.2,30.35,511.56,26,2.51,True,75.6,100.0,MANDATORY_COOLDOWN,121.46
SESS_00082,TRADER_1658,Aggressive Momentum,2026-09-20T14:22:15.646777+00:00,105,60,429,46.45,2334.94,6859.88,2402.92,-6927.86,8.88,0.0,6,1.19,False,27.5,30.1,NORMAL,126.31
SESS_00083,TRADER_1813,Gambler 0DTE,2026-09-24T14:40:15.646777+00:00,87,196,2837,35.44,-39426.53,11602.7,7889.28,-58918.51,30.05,453.18,11,1.82,True,92.8,36.0,MANDATORY_COOLDOWN,159.08
SESS_00084,TRADER_1760,Gambler 0DTE,2026-09-18T12:38:15.646777+00:00,209,95,1955,37.56,-39396.82,14095.14,3849.25,-57341.21,31.79,188.5,24,2.94,True,74.2,73.9,THROTTLE_SIZE,144.04
SESS_00085,TRADER_1274,Disciplined Scalper,2026-09-29T11:16:15.646777+00:00,291,62,243,53.44,28153.1,7915.53,2515.19,17722.38,1.7,0.0,1,1.03,False,8.5,46.3,NORMAL,144.68
SESS_00086,TRADER_1496,Tilt-Prone Revenge,2026-09-19T14:20:15.646777+00:00,107,126,1452,34.97,-14444.09,18330.23,5058.06,-37832.38,26.32,134.99,21,2.34,True,73.7,54.1,MANDATORY_COOLDOWN,152.57
SESS_00087,TRADER_1462,Disciplined Scalper,2026-09-28T13:09:15.646777+00:00,178,54,442,53.67,29341.81,6617.22,2196.68,20527.91,2.71,0.0,1,1.07,False,23.9,33.9,NORMAL,140.64
SESS_00088,TRADER_1355,Aggressive Momentum,2026-09-15T10:53:15.646777+00:00,314,61,295,56.8,3788.66,5925.45,2444.74,-4581.53,8.83,0.0,5,1.3,False,44.9,80.3,NORMAL,76.17
SESS_00089,TRADER_1563,Disciplined Scalper,2026-09-26T11:51:15.646777+00:00,256,41,158,59.92,26465.98,5766.26,1673.08,19026.64,1.32,0.0,0,1.11,False,22.3,42.2,NORMAL,99.32
SESS_00090,TRADER_1505,Aggressive Momentum,2026-09-26T15:07:15.646777+00:00,60,42,191,47.83,-8693.97,1951.79,1690.87,-12336.63,5.35,144.9,5,1.31,False,55.7,18.4,THROTTLE_SIZE,120.97
SESS_00091,TRADER_2254,Tilt-Prone Revenge,2026-09-15T15:18:15.646777+00:00,49,183,1294,40.28,-73086.41,24951.32,7411.36,-105449.09,27.75,1491.56,11,2.69,True,74.3,34.2,MANDATORY_COOLDOWN,129.46
SESS_00092,TRADER_1173,Aggressive Momentum,2026-09-24T14:46:15.646777+00:00,81,77,725,46.05,-13967.78,12632.49,3097.46,-29697.73,6.93,172.44,2,1.2,False,63.1,33.6,THROTTLE_SIZE,184.15
SESS_00093,TRADER_1400,Tilt-Prone Revenge,2026-09-23T13:48:15.646777+00:00,139,269,4144,32.32,-54092.51,34904.5,10827.62,-99824.63,20.17,389.15,21,2.85,True,79.9,55.3,MANDATORY_COOLDOWN,169.17
SESS_00094,TRADER_1925,Algorithmic Semi-Auto,2026-09-26T15:44:15.646777+00:00,23,188,679,67.89,76442.57,17914.52,7615.55,50912.5,3.04,0.0,0,1.0,False,7.5,15.0,NORMAL,133.42
SESS_00095,TRADER_1742,Algorithmic Semi-Auto,2026-09-16T15:42:15.646777+00:00,25,235,1586,58.84,36085.2,30228.21,9445.11,-3588.12,1.0,0.0,1,1.0,False,5.8,15.0,NORMAL,155.95
SESS_00096,TRADER_1835,Tilt-Prone Revenge,2026-09-24T13:55:15.646777+00:00,132,196,4638,38.16,-95636.15,16816.33,7959.55,-120412.03,23.51,724.52,19,3.84,True,83.4,66.5,MANDATORY_COOLDOWN,100.48
SESS_00097,TRADER_1527,Tilt-Prone Revenge,2026-09-17T10:27:15.646777+00:00,340,115,902,34.09,-17007.26,8895.52,4621.26,-30524.04,15.03,50.02,12,2.7,True,74.6,100.0,MANDATORY_COOLDOWN,167.24
SESS_00098,TRADER_1069,Aggressive Momentum,2026-09-22T13:51:15.646777+00:00,136,84,612,52.06,30514.91,7478.77,3398.14,19638.0,7.06,0.0,3,1.37,False,38.2,41.1,NORMAL,120.01
SESS_00099,TRADER_1873,Disciplined Scalper,2026-09-19T15:27:15.646777+00:00,40,64,271,61.55,27843.84,8056.43,2594.8,17192.61,4.19,0.0,2,1.06,False,26.5,9.3,NORMAL,164.78
SESS_00100,TRADER_1047,Aggressive Momentum,2026-09-23T12:57:15.646777+00:00,190,64,587,45.06,22594.22,3372.97,2588.24,16633.01,6.33,0.0,3,1.48,False,64.5,44.7,THROTTLE_SIZE,150.07
SESS_00101,TRADER_1927,Disciplined Scalper,2026-09-18T12:36:15.646777+00:00,211,13,45,63.54,30262.39,668.44,557.83,29036.12,3.0,0.0,2,1.02,False,15.5,34.4,NORMAL,137.11
SESS_00102,TRADER_1056,Disciplined Scalper,2026-09-27T11:23:15.646777+00:00,284,49,336,52.29,41460.04,5121.94,2011.83,34326.27,2.01,0.0,1,1.04,False,24.3,50.4,NORMAL,139.53
SESS_00103,TRADER_1058,Gambler 0DTE,2026-09-24T12:53:15.646777+00:00,194,204,2496,38.29,-60843.59,18566.16,8236.05,-87645.8,20.92,313.63,15,2.19,False,74.5,63.1,THROTTLE_SIZE,108.38
SESS_00104,TRADER_2055,Disciplined Scalper,2026-09-17T15:33:15.646777+00:00,34,49,342,62.96,11832.07,4561.0,1974.79,5296.28,2.55,0.0,2,1.08,False,7.7,6.9,NORMAL,169.26
SESS_00105,TRADER_1892,Tilt-Prone Revenge,2026-09-15T11:04:15.646777+00:00,303,71,1812,35.39,-91259.69,10184.74,2954.07,-104398.5,12.43,301.19,21,3.59,True,80.8,100.0,MANDATORY_COOLDOWN,116.91
SESS_00106,TRADER_1342,Aggressive Momentum,2026-09-24T15:51:15.646777+00:00,16,43,214,48.41,1890.04,6413.1,1722.36,-6245.42,8.17,0.0,5,1.25,False,43.3,11.7,NORMAL,158.95
SESS_00107,TRADER_1403,Disciplined Scalper,2026-09-25T11:20:15.646777+00:00,287,27,103,53.85,27033.84,3522.02,1113.79,22398.03,4.43,0.0,1,1.11,False,25.6,50.2,NORMAL,161.76
SESS_00108,TRADER_1474,Aggressive Momentum,2026-09-18T15:09:15.646777+00:00,58,60,242,44.95,26701.24,10629.16,2433.38,13638.7,4.17,0.0,5,1.35,False,64.8,31.2,THROTTLE_SIZE,128.5
SESS_00109,TRADER_1213,Aggressive Momentum,2026-09-20T15:37:15.646777+00:00,30,49,509,49.42,-11682.45,3290.72,1974.6,-16947.77,6.57,389.41,3,1.31,False,48.5,19.9,NORMAL,97.55
SESS_00110,TRADER_1052,Gambler 0DTE,2026-09-16T11:12:15.646777+00:00,295,157,2088,28.31,-34666.43,27709.91,6323.33,-68699.67,29.86,117.51,21,2.65,True,85.2,95.8,MANDATORY_COOLDOWN,128.35
SESS_00111,TRADER_1648,Algorithmic Semi-Auto,2026-09-20T14:57:15.646777+00:00,70,431,2938,62.75,33772.92,41677.63,17282.22,-25186.93,1.19,0.0,2,1.0,False,4.0,15.0,NORMAL,103.63
SESS_00112,TRADER_1721,Aggressive Momentum,2026-09-22T13:31:15.646777+00:00,156,36,240,46.39,-11523.09,5888.29,1454.4,-18865.78,4.24,73.87,2,1.36,False,45.4,42.9,NORMAL,100.25
SESS_00113,TRADER_1321,Aggressive Momentum,2026-09-29T14:10:15.646777+00:00,117,123,789,56.71,2932.14,13084.88,4923.67,-15076.41,7.34,0.0,8,1.36,False,58.5,36.1,THROTTLE_SIZE,156.95
SESS_00114,TRADER_1202,Tilt-Prone Revenge,2026-09-28T10:35:15.646777+00:00,332,233,3405,39.61,-54251.76,23928.96,9387.81,-87568.53,25.95,163.41,14,4.32,True,81.7,100.0,MANDATORY_COOLDOWN,124.59
SESS_00115,TRADER_1502,Tilt-Prone Revenge,2026-09-19T12:28:15.646777+00:00,219,97,1356,43.68,-101065.61,12910.95,4006.33,-117982.89,9.62,461.49,8,2.84,True,91.7,87.2,HARD_KILL_SWITCH,108.98
SESS_00116,TRADER_2325,Tilt-Prone Revenge,2026-09-26T15:29:15.646777+00:00,38,230,3132,41.72,-12482.88,22656.56,9215.6,-44355.04,27.42,328.5,13,2.44,True,75.6,29.2,MANDATORY_COOLDOWN,149.4
SESS_00117,TRADER_1709,Aggressive Momentum,2026-09-19T10:28:15.646777+00:00,339,50,382,55.0,13314.86,4244.57,2016.64,7053.65,8.38,0.0,5,1.26,False,37.7,78.2,NORMAL,203.07
SESS_00118,TRADER_1602,Aggressive Momentum,2026-09-29T11:28:15.646777+00:00,279,81,771,55.86,28606.87,9085.77,3275.76,16245.34,5.15,0.0,3,1.44,False,43.8,69.9,NORMAL,144.92
SESS_00119,TRADER_1681,Aggressive Momentum,2026-09-23T10:36:15.646777+00:00,331,54,482,55.24,21061.95,5580.75,2186.33,13294.87,4.0,0.0,2,1.37,False,56.1,75.2,THROTTLE_SIZE,108.72
SESS_00120,TRADER_1010,Disciplined Scalper,2026-09-18T14:51:15.646777+00:00,76,32,267,53.25,29218.94,3497.1,1316.52,24405.32,3.6,0.0,0,1.05,False,8.1,11.5,NORMAL,156.24
SESS_00121,TRADER_2010,Aggressive Momentum,2026-09-27T12:00:15.646777+00:00,247,120,628,48.05,4924.81,14176.26,4806.16,-14057.61,5.18,0.0,7,1.13,False,39.2,56.7,NORMAL,186.2
SESS_00122,TRADER_1071,Disciplined Scalper,2026-09-16T14:50:15.646777+00:00,77,40,236,65.21,29179.44,3717.17,1636.47,23825.8,1.43,0.0,0,1.13,False,26.4,19.4,NORMAL,109.2
SESS_00123,TRADER_1273,Disciplined Scalper,2026-09-25T10:55:15.646777+00:00,312,29,125,56.62,15173.27,1441.57,1178.97,12552.73,3.61,0.0,2,1.03,False,14.3,53.2,NORMAL,157.37
SESS_00124,TRADER_1490,Aggressive Momentum,2026-09-29T14:49:15.646777+00:00,78,120,1050,57.83,25988.89,11953.94,4832.49,9202.46,5.19,0.0,6,1.18,True,54.5,27.2,THROTTLE_SIZE,175.87
SESS_00125,TRADER_1550,Aggressive Momentum,2026-09-16T11:27:15.646777+00:00,280,110,389,56.71,-1880.89,14752.72,4402.35,-21035.96,5.97,6.72,5,1.17,True,54.4,71.2,THROTTLE_SIZE,120.31
SESS_00126,TRADER_1125,Tilt-Prone Revenge,2026-09-18T11:03:15.646777+00:00,304,77,1622,33.51,-101473.4,6009.43,3206.84,-110689.67,10.1,333.79,30,2.74,True,82.4,100.0,MANDATORY_COOLDOWN,151.11
SESS_00127,TRADER_2160,Aggressive Momentum,2026-09-16T15:44:15.646777+00:00,23,38,252,54.03,64790.76,2412.79,1600.99,60776.98,8.34,0.0,4,1.41,False,45.0,11.5,NORMAL,117.22
SESS_00128,TRADER_2281,Disciplined Scalper,2026-09-20T11:10:15.646777+00:00,297,41,287,68.56,38735.39,4072.87,1688.42,32974.1,3.01,0.0,1,1.08,False,23.2,53.7,NORMAL,129.17
SESS_00129,TRADER_1450,Aggressive Momentum,2026-09-21T13:27:15.646777+00:00,160,94,350,49.6,62594.49,9328.23,3838.24,49428.02,7.37,0.0,8,1.16,False,44.2,40.2,NORMAL,110.76
SESS_00130,TRADER_1618,Aggressive Momentum,2026-09-24T12:04:15.646777+00:00,243,40,314,53.02,2291.4,3027.96,1602.86,-2339.42,7.16,0.0,5,1.22,False,53.8,60.2,THROTTLE_SIZE,120.01
SESS_00131,TRADER_1945,Disciplined Scalper,2026-09-19T10:46:15.646777+00:00,321,36,114,58.52,28851.58,2921.4,1476.06,24454.12,3.62,0.0,2,1.14,False,7.2,57.1,NORMAL,186.97
SESS_00132,TRADER_2112,Algorithmic Semi-Auto,2026-09-26T14:44:15.646777+00:00,83,339,2496,66.69,43021.33,18901.74,13613.78,10505.81,1.79,0.0,3,1.0,False,4.8,15.0,NORMAL,174.78
SESS_00133,TRADER_1833,Aggressive Momentum,2026-09-17T13:37:15.646777+00:00,150,55,495,60.0,63552.22,6386.09,2279.44,54886.69,4.19,0.0,7,1.17,False,27.6,40.5,NORMAL,149.53
SESS_00134,TRADER_1329,Aggressive Momentum,2026-09-15T12:48:15.646777+00:00,199,107,420,47.83,9496.39,8427.23,4291.87,-3222.71,7.33,0.0,6,1.13,True,28.3,49.1,NORMAL,141.43
SESS_00135,TRADER_1751,Tilt-Prone Revenge,2026-09-29T11:46:15.646777+00:00,261,168,2626,38.44,-33197.21,20901.47,6761.5,-60860.18,20.04,127.19,22,3.4,True,93.4,98.2,HARD_KILL_SWITCH,181.31
SESS_00136,TRADER_2353,Aggressive Momentum,2026-09-15T15:18:15.646777+00:00,49,78,404,54.29,-1774.13,8214.36,3122.22,-13110.71,4.56,36.21,8,1.14,True,38.0,16.4,NORMAL,158.8
SESS_00137,TRADER_1313,Tilt-Prone Revenge,2026-09-16T13:58:15.646777+00:00,129,107,2786,33.95,-138812.46,11543.7,4453.52,-154809.68,21.28,1076.07,24,3.72,True,95.4,64.7,HARD_KILL_SWITCH,186.67
SESS_00138,TRADER_2146,Tilt-Prone Revenge,2026-09-19T11:00:15.646777+00:00,307,248,4604,34.03,-25311.86,32773.2,9951.64,-68036.7,14.74,82.45,23,3.79,True,83.8,100.0,MANDATORY_COOLDOWN,100.57
SESS_00139,TRADER_2323,Disciplined Scalper,2026-09-16T15:14:15.646777+00:00,53,58,479,64.8,23268.17,2968.15,2349.09,17950.93,2.52,0.0,0,1.08,False,5.2,15.3,NORMAL,149.7
SESS_00140,TRADER_1757,Tilt-Prone Revenge,2026-09-26T14:19:15.646777+00:00,108,206,2866,41.33,-18110.86,32299.3,8262.64,-58672.8,17.26,167.69,10,2.95,True,89.6,58.0,HARD_KILL_SWITCH,184.91
SESS_00141,TRADER_2302,Algorithmic Semi-Auto,2026-09-29T14:00:15.646777+00:00,127,426,1104,64.73,43917.26,39428.68,17094.9,-12606.32,0.8,0.0,1,1.0,False,9.1,15.0,NORMAL,160.56
SESS_00142,TRADER_2294,Disciplined Scalper,2026-09-23T13:19:15.646777+00:00,168,26,91,54.61,19288.48,3028.31,1064.11,15196.06,3.4,0.0,1,1.08,False,17.6,32.5,NORMAL,185.94
SESS_00143,TRADER_1371,Disciplined Scalper,2026-09-23T11:35:15.646777+00:00,272,25,163,58.41,38734.73,1198.26,1048.42,36488.05,4.37,0.0,0,1.08,False,26.2,41.0,NORMAL,139.72
SESS_00144,TRADER_1750,Aggressive Momentum,2026-09-17T15:37:15.646777+00:00,30,74,781,49.7,37304.23,4984.89,3006.63,29312.71,6.21,0.0,7,1.6,False,64.7,12.7,THROTTLE_SIZE,106.16
SESS_00145,TRADER_1115,Disciplined Scalper,2026-09-25T14:11:15.646777+00:00,116,19,64,69.03,27884.0,2829.99,794.85,24259.16,2.31,0.0,1,1.11,False,13.2,24.4,NORMAL,167.39
SESS_00146,TRADER_2121,Aggressive Momentum,2026-09-18T11:19:15.646777+00:00,288,93,824,57.84,15917.62,15642.65,3739.9,-3464.93,4.37,0.0,8,1.16,False,26.0,64.6,NORMAL,111.89
SESS_00147,TRADER_1096,Aggressive Momentum,2026-09-23T15:52:15.646777+00:00,15,58,597,54.53,-4402.56,7143.48,2325.5,-13871.54,3.53,293.5,7,1.32,False,43.4,17.2,NORMAL,101.73
SESS_00148,TRADER_1218,Tilt-Prone Revenge,2026-09-19T15:41:15.646777+00:00,26,265,4264,41.8,-136428.36,26130.47,10770.54,-173329.37,11.99,5247.24,16,3.45,True,85.6,26.1,MANDATORY_COOLDOWN,134.9
SESS_00149,TRADER_1533,Disciplined Scalper,2026-09-26T13:22:15.646777+00:00,165,22,123,71.55,32234.7,2066.54,920.29,29247.87,2.32,0.0,1,1.13,False,19.5,33.8,NORMAL,118.55
SESS_00150,TRADER_2215,Aggressive Momentum,2026-09-20T13:19:15.646777+00:00,168,117,908,55.08,32269.94,8734.0,4720.34,18815.6,4.36,0.0,5,1.23,False,59.7,50.4,THROTTLE_SIZE,100.48
SESS_00151,TRADER_1421,Disciplined Scalper,2026-09-26T12:15:15.646777+00:00,232,13,38,55.24,26612.94,2293.34,553.27,23766.33,3.99,0.0,1,1.13,False,16.2,42.1,NORMAL,110.35
SESS_00152,TRADER_1649,Disciplined Scalper,2026-09-20T12:11:15.646777+00:00,236,15,52,69.54,36049.66,1590.48,645.06,33814.12,2.44,0.0,1,1.09,False,8.1,44.7,NORMAL,149.55
SESS_00153,TRADER_1545,Tilt-Prone Revenge,2026-09-24T12:27:15.646777+00:00,220,124,781,41.08,-122296.51,7846.61,5112.87,-135255.99,10.13,555.89,14,2.48,True,78.4,84.8,MANDATORY_COOLDOWN,167.68
SESS_00154,TRADER_1797,Tilt-Prone Revenge,2026-09-15T14:05:15.646777+00:00,122,181,2381,28.23,-56841.37,8907.33,7311.05,-73059.75,9.28,465.91,25,4.3,True,87.9,61.3,MANDATORY_COOLDOWN,164.69
SESS_00155,TRADER_2013,Aggressive Momentum,2026-09-24T11:20:15.646777+00:00,287,78,661,52.94,2275.86,12044.07,3122.84,-12891.05,5.17,0.0,3,1.16,False,58.5,68.1,THROTTLE_SIZE,168.67
SESS_00156,TRADER_1711,Disciplined Scalper,2026-09-16T14:30:15.646777+00:00,97,46,393,55.14,43993.74,5396.37,1894.99,36702.38,2.88,0.0,2,1.15,False,8.5,20.9,NORMAL,170.03
SESS_00157,TRADER_1511,Disciplined Scalper,2026-09-15T13:04:15.646777+00:00,183,27,200,67.54,41396.64,2534.98,1131.75,37729.91,1.88,0.0,0,1.05,False,9.9,37.0,NORMAL,169.91
SESS_00158,TRADER_2243,Aggressive Momentum,2026-09-16T11:00:15.646777+00:00,307,110,463,47.04,6140.3,8300.17,4407.68,-6567.55,8.39,0.0,7,1.18,False,33.5,73.3,NORMAL,106.59
SESS_00159,TRADER_1006,Disciplined Scalper,2026-09-28T11:23:15.646777+00:00,284,27,167,53.14,39675.98,2746.36,1129.59,35800.03,3.75,0.0,1,1.07,False,18.8,52.2,NORMAL,143.69
SESS_00160,TRADER_1510,Tilt-Prone Revenge,2026-09-16T13:12:15.646777+00:00,175,209,3664,43.21,-92950.53,24425.84,8476.19,-125852.56,24.62,531.15,26,3.56,True,93.6,72.8,HARD_KILL_SWITCH,147.73
SESS_00161,TRADER_1048,Aggressive Momentum,2026-09-24T15:22:15.646777+00:00,45,87,731,50.68,41451.98,13320.65,3531.81,24599.52,6.92,0.0,2,1.42,False,43.6,17.5,NORMAL,132.52
SESS_00162,TRADER_1139,Disciplined Scalper,2026-09-27T13:05:15.646777+00:00,182,36,227,55.94,34367.69,5182.7,1482.96,27702.03,2.3,0.0,0,1.05,False,9.7,36.8,NORMAL,147.81
SESS_00163,TRADER_2316,Disciplined Scalper,2026-09-25T10:58:15.646777+00:00,309,12,88,71.8,22614.2,926.01,508.27,21179.92,3.74,0.0,2,1.1,False,10.2,52.9,NORMAL,126.21
SESS_00164,TRADER_1564,Gambler 0DTE,2026-09-25T10:48:15.646777+00:00,319,162,1456,36.26,-92223.1,13012.55,6595.28,-111830.93,33.44,289.1,20,2.77,False,68.2,100.0,THROTTLE_SIZE,158.91
SESS_00165,TRADER_1992,Disciplined Scalper,2026-09-24T14:58:15.646777+00:00,69,34,157,55.19,19376.74,2434.98,1384.22,15557.54,2.71,0.0,2,1.02,False,27.2,14.1,NORMAL,129.47
SESS_00166,TRADER_1252,Tilt-Prone Revenge,2026-09-16T10:57:15.646777+00:00,310,233,4695,30.71,-44397.19,13125.05,9375.5,-66897.74,12.82,143.22,17,2.55,True,85.6,100.0,MANDATORY_COOLDOWN,144.69
SESS_00167,TRADER_1867,Tilt-Prone Revenge,2026-09-18T10:37:15.646777+00:00,330,202,3513,33.18,-36442.32,12650.42,8125.55,-57218.29,10.16,110.43,29,4.32,True,93.5,100.0,HARD_KILL_SWITCH,138.26
SESS_00168,TRADER_1248,Tilt-Prone Revenge,2026-09-28T13:32:15.646777+00:00,155,156,1269,34.12,-135424.34,23074.09,6409.28,-164907.71,10.0,873.71,13,2.21,True,81.8,66.7,MANDATORY_COOLDOWN,168.73
SESS_00169,TRADER_1921,Algorithmic Semi-Auto,2026-09-16T15:38:15.646777+00:00,29,444,2695,63.5,77153.82,41122.69,17856.44,18174.69,1.05,0.0,3,1.0,False,13.0,15.0,NORMAL,122.48
SESS_00170,TRADER_1031,Tilt-Prone Revenge,2026-09-27T15:37:15.646777+00:00,30,126,2398,43.04,-27126.66,11529.77,5073.91,-43730.34,24.37,904.22,19,4.11,True,90.7,29.7,HARD_KILL_SWITCH,127.64
SESS_00171,TRADER_1856,Aggressive Momentum,2026-09-28T15:08:15.646777+00:00,59,132,938,52.38,51954.94,20761.06,5344.94,25848.94,4.24,0.0,4,1.22,True,38.9,18.6,NORMAL,117.22
SESS_00172,TRADER_1655,Algorithmic Semi-Auto,2026-09-24T11:31:15.646777+00:00,276,291,730,64.99,83592.98,15585.36,11744.49,56263.13,1.32,0.0,2,1.0,False,5.1,15.0,NORMAL,147.51
SESS_00173,TRADER_1332,Aggressive Momentum,2026-09-25T12:32:15.646777+00:00,215,84,676,51.42,6311.64,13386.37,3367.89,-10442.62,6.63,0.0,2,1.24,False,48.8,52.5,NORMAL,99.41
SESS_00174,TRADER_1179,Algorithmic Semi-Auto,2026-09-29T14:21:15.646777+00:00,106,151,669,58.51,107276.05,8825.47,6174.1,92276.48,1.32,0.0,1,1.0,False,7.8,15.0,NORMAL,154.53
SESS_00175,TRADER_1100,Tilt-Prone Revenge,2026-09-21T13:11:15.646777+00:00,176,113,2016,41.84,-63607.07,14011.78,4599.51,-82218.36,21.08,361.4,9,2.85,True,80.3,69.0,MANDATORY_COOLDOWN,121.49
SESS_00176,TRADER_1592,Aggressive Momentum,2026-09-25T13:50:15.646777+00:00,137,86,617,44.36,-12584.77,7275.47,3455.73,-23315.97,6.65,91.86,3,1.33,False,50.4,34.0,THROTTLE_SIZE,114.16
SESS_00177,TRADER_1197,Aggressive Momentum,2026-09-27T10:51:15.646777+00:00,316,51,540,59.75,14788.53,3201.04,2058.49,9529.0,5.82,0.0,6,1.52,False,37.0,76.1,NORMAL,158.44
SESS_00178,TRADER_1624,Algorithmic Semi-Auto,2026-09-17T13:33:15.646777+00:00,154,169,1311,62.87,51456.77,14368.58,6824.32,30263.87,0.82,0.0,0,1.0,False,4.5,15.0,NORMAL,116.51
SESS_00179,TRADER_1006,Tilt-Prone Revenge,2026-09-28T11:46:15.646777+00:00,261,135,882,36.63,-48827.63,6829.46,5461.03,-61118.12,13.31,187.08,9,2.01,True,96.5,92.0,HARD_KILL_SWITCH,169.21
SESS_00180,TRADER_2229,Tilt-Prone Revenge,2026-09-25T10:52:15.646777+00:00,315,166,1469,28.39,-121115.99,21555.95,6791.39,-149463.33,21.98,384.5,30,3.17,True,75.5,100.0,MANDATORY_COOLDOWN,147.11
SESS_00181,TRADER_1020,Disciplined Scalper,2026-09-18T11:48:15.646777+00:00,259,57,370,54.34,18031.52,7092.84,2302.54,8636.14,2.14,0.0,0,1.07,False,24.9,43.8,NORMAL,85.16
SESS_00182,TRADER_1547,Disciplined Scalper,2026-09-23T12:22:15.646777+00:00,225,35,260,68.1,16243.63,3215.97,1420.3,11607.36,2.23,0.0,0,1.04,False,16.2,40.4,NORMAL,148.53
SESS_00183,TRADER_2237,Disciplined Scalper,2026-09-26T13:01:15.646777+00:00,186,57,332,67.74,27776.52,9541.99,2314.72,15919.81,3.63,0.0,1,1.15,False,9.4,29.6,NORMAL,161.69
SESS_00184,TRADER_1946,Gambler 0DTE,2026-09-24T14:15:15.646777+00:00,112,86,1684,29.54,1694.9,4122.23,3442.12,-5869.45,28.61,0.0,18,3.35,True,78.6,45.1,MANDATORY_COOLDOWN,157.19
SESS_00185,TRADER_1587,Gambler 0DTE,2026-09-27T10:27:15.646777+00:00,340,114,1759,38.68,3703.73,16186.11,4564.63,-17047.01,16.72,0.0,13,3.0,False,80.4,99.2,MANDATORY_COOLDOWN,120.67
SESS_00186,TRADER_1412,Tilt-Prone Revenge,2026-09-22T13:01:15.646777+00:00,186,101,1480,36.56,-139464.07,15603.79,4214.33,-159282.19,24.96,749.81,20,4.21,True,81.1,71.5,MANDATORY_COOLDOWN,141.77
SESS_00187,TRADER_1397,Disciplined Scalper,2026-09-24T14:32:15.646777+00:00,95,58,430,55.96,28937.05,7549.47,2356.17,19031.41,3.22,0.0,2,1.02,False,8.2,16.9,NORMAL,108.64
SESS_00188,TRADER_2131,Aggressive Momentum,2026-09-22T14:32:15.646777+00:00,95,49,265,49.86,34492.24,7552.49,2003.12,24936.63,8.0,0.0,4,1.25,False,41.2,29.5,NORMAL,123.25
SESS_00189,TRADER_2387,Gambler 0DTE,2026-09-22T14:29:15.646777+00:00,98,194,1782,35.62,1210.79,22330.75,7761.51,-28881.47,20.75,0.0,14,1.81,False,93.7,42.8,MANDATORY_COOLDOWN,140.96
SESS_00190,TRADER_1544,Aggressive Momentum,2026-09-21T14:51:15.646777+00:00,76,100,476,52.64,24628.22,17641.84,4030.79,2955.59,4.64,0.0,5,1.49,False,38.2,27.1,NORMAL,103.1
SESS_00191,TRADER_1367,Disciplined Scalper,2026-09-22T13:39:15.646777+00:00,148,37,144,56.78,44723.85,3933.06,1535.9,39254.89,2.57,0.0,0,1.13,False,5.6,32.1,NORMAL,128.25
SESS_00192,TRADER_1126,Aggressive Momentum,2026-09-19T13:42:15.646777+00:00,145,36,306,51.63,63170.07,6435.48,1518.96,55215.63,5.8,0.0,7,1.39,True,30.5,39.8,NORMAL,133.78
SESS_00193,TRADER_2100,Algorithmic Semi-Auto,2026-09-23T10:45:15.646777+00:00,322,140,527,67.44,27003.39,15546.08,5633.75,5823.56,2.48,0.0,0,1.0,False,13.2,15.0,NORMAL,131.78
SESS_00194,TRADER_2376,Aggressive Momentum,2026-09-18T13:27:15.646777+00:00,160,56,302,45.56,4546.82,8622.32,2245.68,-6321.18,4.03,0.0,5,1.5,True,33.0,49.3,NORMAL,84.81
SESS_00195,TRADER_1957,Aggressive Momentum,2026-09-19T10:49:15.646777+00:00,318,45,246,48.93,51717.03,2566.93,1864.65,47285.45,7.77,0.0,7,1.48,False,41.7,75.5,NORMAL,126.45
SESS_00196,TRADER_1303,Disciplined Scalper,2026-09-27T12:33:15.646777+00:00,214,63,467,52.34,9085.0,11185.06,2531.36,-4631.42,2.02,0.0,1,1.05,False,13.7,36.4,NORMAL,156.58
SESS_00197,TRADER_2059,Disciplined Scalper,2026-09-23T10:45:15.646777+00:00,322,24,199,71.49,19351.02,2931.32,984.19,15435.51,1.74,0.0,2,1.13,False,9.8,49.9,NORMAL,170.87
SESS_00198,TRADER_1972,Tilt-Prone Revenge,2026-09-28T12:55:15.646777+00:00,192,217,3693,42.68,-101830.07,25934.4,8807.29,-136571.76,20.75,530.36,12,2.31,True,88.3,73.2,HARD_KILL_SWITCH,120.13
SESS_00199,TRADER_1416,Algorithmic Semi-Auto,2026-09-17T11:53:15.646777+00:00,254,192,556,62.35,44100.27,9520.2,7735.13,26844.94,1.64,0.0,3,1.0,False,13.5,15.0,NORMAL,131.34
SESS_00200,TRADER_1774,Algorithmic Semi-Auto,2026-09-29T12:48:15.646777+00:00,199,352,2624,62.4,78036.19,19354.33,14177.55,44504.31,0.82,0.0,1,1.0,False,8.8,15.0,NORMAL,155.83
SESS_00201,TRADER_2348,Disciplined Scalper,2026-09-29T12:08:15.646777+00:00,239,48,213,67.43,10265.27,8326.04,1932.83,6.4,1.23,0.0,0,1.1,False,13.1,42.6,NORMAL,194.31
SESS_00202,TRADER_2239,Disciplined Scalper,2026-09-24T14:00:15.646777+00:00,127,21,58,68.22,22608.57,2523.86,868.26,19216.45,3.02,0.0,1,1.09,False,13.3,23.0,NORMAL,170.98
SESS_00203,TRADER_1888,Disciplined Scalper,2026-09-29T11:34:15.646777+00:00,273,12,50,66.45,33568.11,1015.51,521.96,32030.64,3.07,0.0,1,1.09,False,15.3,50.7,NORMAL,137.06
SESS_00204,TRADER_1282,Tilt-Prone Revenge,2026-09-27T10:31:15.646777+00:00,336,136,1631,33.02,-27359.68,19361.29,5474.2,-52195.17,11.76,81.43,24,3.96,True,77.2,100.0,MANDATORY_COOLDOWN,136.19
SESS_00205,TRADER_2100,Disciplined Scalper,2026-09-28T11:39:15.646777+00:00,268,28,204,57.47,23308.2,1692.74,1149.14,20466.32,3.06,0.0,0,1.03,False,10.6,45.4,NORMAL,181.38
SESS_00206,TRADER_1941,Disciplined Scalper,2026-09-16T12:59:15.646777+00:00,188,18,61,62.86,39998.18,1378.4,770.0,37849.78,2.87,0.0,1,1.07,False,19.7,33.5,NORMAL,157.99
SESS_00207,TRADER_1616,Disciplined Scalper,2026-09-20T14:44:15.646777+00:00,83,62,501,65.33,12772.71,9817.62,2495.97,459.12,3.58,0.0,2,1.15,False,6.6,13.7,NORMAL,159.37
SESS_00208,TRADER_1744,Tilt-Prone Revenge,2026-09-19T10:56:15.646777+00:00,311,177,2878,34.36,-22076.37,9388.85,7107.6,-38572.82,22.99,70.99,22,4.15,True,70.2,100.0,MANDATORY_COOLDOWN,201.17
SESS_00209,TRADER_1696,Tilt-Prone Revenge,2026-09-21T15:02:15.646777+00:00,65,241,3966,34.49,-89833.42,14996.96,9752.29,-114582.67,27.01,1382.05,28,2.29,True,84.7,42.3,MANDATORY_COOLDOWN,102.85
SESS_00210,TRADER_1768,Disciplined Scalper,2026-09-16T11:46:15.646777+00:00,261,39,169,61.22,25201.92,5721.28,1591.5,17889.14,3.2,0.0,0,1.08,False,8.2,46.5,NORMAL,112.67
SESS_00211,TRADER_2186,Tilt-Prone Revenge,2026-09-28T14:54:15.646777+00:00,73,246,4927,30.98,-101675.37,14797.62,9967.09,-126440.08,26.4,1392.81,30,4.68,True,83.2,40.6,MANDATORY_COOLDOWN,142.61
SESS_00212,TRADER_1685,Aggressive Momentum,2026-09-25T10:46:15.646777+00:00,321,37,268,44.84,56322.32,4088.12,1550.4,50683.8,6.23,0.0,8,1.12,False,33.4,72.0,NORMAL,197.87
SESS_00213,TRADER_1483,Aggressive Momentum,2026-09-24T12:29:15.646777+00:00,218,130,476,46.85,23665.38,15222.18,5229.58,3213.62,7.94,0.0,6,1.31,True,36.4,53.2,NORMAL,112.96
SESS_00214,TRADER_1575,Tilt-Prone Revenge,2026-09-23T13:01:15.646777+00:00,186,114,2032,35.34,-130808.12,17644.01,4723.51,-153175.64,22.55,703.27,29,2.73,True,76.3,72.5,MANDATORY_COOLDOWN,157.43
SESS_00215,TRADER_1647,Aggressive Momentum,2026-09-17T11:02:15.646777+00:00,305,45,239,45.8,18484.13,6579.78,1823.11,10081.24,3.72,0.0,5,1.12,False,33.9,78.5,NORMAL,105.69
SESS_00216,TRADER_1980,Algorithmic Semi-Auto,2026-09-18T11:39:15.646777+00:00,268,231,1769,57.0,54499.93,26037.85,9308.12,19153.96,3.04,0.0,2,1.0,False,10.9,15.0,NORMAL,162.75
SESS_00217,TRADER_1511,Aggressive Momentum,2026-09-18T12:54:15.646777+00:00,193,122,779,51.58,-14288.6,11513.98,4897.86,-30700.44,5.87,74.03,3,1.53,False,25.4,43.7,NORMAL,124.84
SESS_00218,TRADER_1618,Tilt-Prone Revenge,2026-09-26T11:42:15.646777+00:00,265,229,6687,39.8,-102143.04,25830.22,9287.68,-137260.94,27.56,385.45,12,4.22,True,88.9,92.0,HARD_KILL_SWITCH,118.53
SESS_00219,TRADER_1683,Gambler 0DTE,2026-09-28T15:26:15.646777+00:00,41,92,997,27.58,3621.32,9949.11,3684.53,-10012.32,30.22,0.0,18,2.83,True,87.4,33.7,MANDATORY_COOLDOWN,127.18
SESS_00220,TRADER_1316,Tilt-Prone Revenge,2026-09-24T13:36:15.646777+00:00,151,195,2216,29.75,-130605.36,13448.3,7963.26,-152016.92,23.5,864.94,21,2.97,True,97.6,65.2,HARD_KILL_SWITCH,144.39
SESS_00221,TRADER_1855,Aggressive Momentum,2026-09-18T15:16:15.646777+00:00,51,75,257,45.42,12560.92,3934.1,3015.7,5611.12,7.3,0.0,5,1.32,False,25.9,19.1,NORMAL,117.14
SESS_00222,TRADER_1699,Aggressive Momentum,2026-09-16T13:25:15.646777+00:00,162,109,745,44.87,44726.11,12953.57,4415.91,27356.63,4.0,0.0,7,1.53,False,52.2,47.8,THROTTLE_SIZE,119.96
SESS_00223,TRADER_1291,Aggressive Momentum,2026-09-17T12:01:15.646777+00:00,246,87,867,47.84,59943.17,15141.48,3554.93,41246.76,8.98,0.0,2,1.41,True,61.6,57.5,THROTTLE_SIZE,145.8
SESS_00224,TRADER_1991,Aggressive Momentum,2026-09-26T14:39:15.646777+00:00,88,67,635,50.81,53029.12,9022.88,2746.29,41259.95,5.09,0.0,7,1.22,False,62.1,24.9,THROTTLE_SIZE,200.77
SESS_00225,TRADER_1382,Tilt-Prone Revenge,2026-09-27T11:12:15.646777+00:00,295,147,2566,34.82,-24366.54,17347.19,5910.46,-47624.19,13.11,82.6,27,2.84,True,85.9,99.1,MANDATORY_COOLDOWN,110.71
SESS_00226,TRADER_1997,Tilt-Prone Revenge,2026-09-25T15:51:15.646777+00:00,16,104,1011,29.98,-128619.32,6866.35,4320.77,-139806.44,27.66,8038.71,24,2.26,True,78.5,26.1,MANDATORY_COOLDOWN,145.76
SESS_00227,TRADER_1233,Disciplined Scalper,2026-09-21T11:10:15.646777+00:00,297,33,271,65.3,14264.83,2679.92,1337.83,10247.08,3.41,0.0,2,1.07,False,12.3,52.1,NORMAL,138.12
SESS_00228,TRADER_2396,Aggressive Momentum,2026-09-22T14:10:15.646777+00:00,117,38,245,57.37,-14183.98,3945.07,1537.73,-19666.78,4.54,121.23,6,1.42,False,56.0,29.2,THROTTLE_SIZE,196.3
SESS_00229,TRADER_1976,Aggressive Momentum,2026-09-21T11:11:15.646777+00:00,296,110,510,52.5,48616.13,11580.4,4460.77,32574.96,5.56,0.0,2,1.22,False,58.4,78.1,THROTTLE_SIZE,110.54
SESS_00230,TRADER_1866,Aggressive Momentum,2026-09-26T11:17:15.646777+00:00,290,42,408,48.45,24432.23,6303.6,1710.54,16418.09,6.84,0.0,2,1.4,False,35.1,73.4,NORMAL,187.7
SESS_00231,TRADER_1758,Aggressive Momentum,2026-09-29T11:15:15.646777+00:00,292,64,565,46.46,60824.79,5090.27,2636.03,53098.49,8.11,0.0,2,1.18,False,53.2,67.9,THROTTLE_SIZE,116.82
SESS_00232,TRADER_1486,Algorithmic Semi-Auto,2026-09-22T13:04:15.646777+00:00,183,354,2095,66.41,98731.44,41259.11,14283.41,43188.92,1.73,0.0,2,1.0,False,7.7,15.0,NORMAL,220.89
SESS_00233,TRADER_2057,Aggressive Momentum,2026-09-26T15:52:15.646777+00:00,15,95,673,56.01,13009.49,15048.28,3816.26,-5855.05,7.67,0.0,4,1.43,False,53.6,19.7,THROTTLE_SIZE,189.8
SESS_00234,TRADER_1560,Aggressive Momentum,2026-09-25T12:56:15.646777+00:00,191,131,886,48.97,49292.51,14333.54,5301.62,29657.35,4.92,0.0,4,1.4,False,63.3,47.8,THROTTLE_SIZE,156.63
SESS_00235,TRADER_2305,Tilt-Prone Revenge,2026-09-29T13:09:15.646777+00:00,178,251,6241,37.86,-107716.74,34094.49,10174.65,-151985.88,13.6,605.15,8,4.61,True,76.0,75.4,MANDATORY_COOLDOWN,160.56
SESS_00236,TRADER_1569,Aggressive Momentum,2026-09-16T10:56:15.646777+00:00,311,114,886,50.15,13933.92,8494.56,4577.42,861.94,5.54,0.0,6,1.21,False,51.7,79.5,THROTTLE_SIZE,158.24
SESS_00237,TRADER_1605,Tilt-Prone Revenge,2026-09-15T11:56:15.646777+00:00,251,245,8369,30.84,-76306.05,35470.7,9895.38,-121672.13,12.47,304.01,21,4.3,True,70.8,100.0,MANDATORY_COOLDOWN,198.06
SESS_00238,TRADER_1190,Tilt-Prone Revenge,2026-09-22T14:54:15.646777+00:00,73,124,1826,43.81,-119544.07,16744.52,5109.43,-141398.02,20.41,1637.59,28,3.07,True,89.5,45.5,HARD_KILL_SWITCH,125.63
SESS_00239,TRADER_2323,Tilt-Prone Revenge,2026-09-21T15:35:15.646777+00:00,32,234,6500,41.8,-41440.68,26305.27,9411.8,-77157.75,17.5,1295.02,16,4.26,True,91.0,32.3,HARD_KILL_SWITCH,145.86
SESS_00240,TRADER_1964,Aggressive Momentum,2026-09-22T14:11:15.646777+00:00,116,93,375,58.66,40987.86,13938.12,3771.23,23278.51,7.39,0.0,5,1.5,False,62.2,41.4,THROTTLE_SIZE,139.59
SESS_00241,TRADER_1320,Aggressive Momentum,2026-09-29T12:29:15.646777+00:00,218,87,377,57.61,22049.96,6253.42,3507.56,12288.98,8.49,0.0,5,1.41,False,55.5,59.0,THROTTLE_SIZE,118.92
SESS_00242,TRADER_1551,Gambler 0DTE,2026-09-20T15:24:15.646777+00:00,43,104,1984,29.33,139.7,8843.08,4160.17,-12863.55,30.93,0.0,12,3.15,True,67.9,26.7,THROTTLE_SIZE,127.94
SESS_00243,TRADER_1541,Tilt-Prone Revenge,2026-09-21T14:11:15.646777+00:00,116,164,1687,40.35,-137471.11,25491.23,6731.84,-169694.18,21.51,1185.1,15,2.38,True,72.7,48.5,MANDATORY_COOLDOWN,179.41
SESS_00244,TRADER_1615,Disciplined Scalper,2026-09-16T11:40:15.646777+00:00,267,53,264,64.99,35811.01,6988.59,2164.76,26657.66,3.98,0.0,2,1.1,False,17.3,48.6,NORMAL,109.45
SESS_00245,TRADER_1467,Aggressive Momentum,2026-09-17T11:41:15.646777+00:00,266,47,370,48.91,9432.91,7123.73,1891.79,417.39,4.58,0.0,3,1.28,False,28.9,69.5,NORMAL,106.89
SESS_00246,TRADER_1005,Disciplined Scalper,2026-09-19T13:23:15.646777+00:00,164,45,226,68.88,20278.44,7449.69,1825.35,11003.4,3.91,0.0,0,1.07,False,27.9,30.3,NORMAL,101.3
SESS_00247,TRADER_2197,Aggressive Momentum,2026-09-17T15:23:15.646777+00:00,44,72,310,48.9,54089.45,12524.69,2947.61,38617.15,5.17,0.0,6,1.11,True,35.9,19.8,NORMAL,90.16
SESS_00248,TRADER_2120,Algorithmic Semi-Auto,2026-09-17T10:35:15.646777+00:00,332,101,462,60.51,93282.23,5194.55,4156.6,83931.08,1.71,0.0,2,1.0,False,14.8,15.0,NORMAL,188.27
SESS_00249,TRADER_1710,Disciplined Scalper,2026-09-20T12:36:15.646777+00:00,211,25,104,68.18,31892.01,3256.8,1039.87,27595.34,2.28,0.0,1,1.06,False,15.9,38.1,NORMAL,189.3
SESS_00250,TRADER_1053,Aggressive Momentum,2026-09-25T10:50:15.646777+00:00,317,81,385,49.49,7490.47,12760.91,3249.36,-8519.8,8.72,0.0,8,1.39,False,59.6,75.0,THROTTLE_SIZE,114.68
SESS_00251,TRADER_1339,Gambler 0DTE,2026-09-23T14:27:15.646777+00:00,100,207,3003,38.29,-13548.82,31100.01,8296.94,-52945.77,38.02,135.49,15,2.82,True,76.9,42.9,MANDATORY_COOLDOWN,113.83
SESS_00252,TRADER_1811,Tilt-Prone Revenge,2026-09-29T10:55:15.646777+00:00,312,193,1236,29.51,-73576.94,20969.6,7811.97,-102358.51,22.24,235.82,11,2.51,True,80.7,100.0,MANDATORY_COOLDOWN,154.74
SESS_00253,TRADER_1496,Aggressive Momentum,2026-09-27T12:56:15.646777+00:00,191,66,419,48.88,34329.45,7267.28,2682.91,24379.26,4.96,0.0,7,1.19,False,56.2,55.5,THROTTLE_SIZE,168.94
SESS_00254,TRADER_1381,Gambler 0DTE,2026-09-29T14:23:15.646777+00:00,104,59,734,30.12,-8217.87,8386.77,2370.27,-18974.91,26.45,79.02,18,2.55,True,84.2,40.0,MANDATORY_COOLDOWN,117.67
SESS_00255,TRADER_1471,Aggressive Momentum,2026-09-16T13:21:15.646777+00:00,166,37,172,54.73,63229.99,1872.52,1559.04,59798.43,8.78,0.0,2,1.2,False,27.1,48.5,NORMAL,109.62
SESS_00256,TRADER_1133,Aggressive Momentum,2026-09-15T11:58:15.646777+00:00,249,128,622,51.69,27173.57,21234.85,5153.97,784.75,8.49,0.0,3,1.47,True,63.7,65.2,THROTTLE_SIZE,76.16
SESS_00257,TRADER_2322,Aggressive Momentum,2026-09-18T14:11:15.646777+00:00,116,128,1187,57.34,31433.54,13085.3,5159.29,13188.95,4.45,0.0,4,1.23,True,42.3,42.2,NORMAL,156.0
SESS_00258,TRADER_1492,Aggressive Momentum,2026-09-16T15:45:15.646777+00:00,22,138,1280,46.07,33117.11,10168.67,5561.4,17387.04,7.56,0.0,8,1.18,False,29.7,22.4,NORMAL,116.64
SESS_00259,TRADER_1483,Gambler 0DTE,2026-09-26T12:26:15.646777+00:00,221,138,921,41.08,-85651.99,17563.97,5627.06,-108843.02,22.45,387.57,23,1.95,True,71.4,78.5,THROTTLE_SIZE,128.38
SESS_00260,TRADER_1516,Disciplined Scalper,2026-09-21T14:21:15.646777+00:00,106,64,254,55.26,8394.69,7383.25,2570.49,-1559.05,3.55,0.0,1,1.07,False,15.5,18.9,NORMAL,83.56
SESS_00261,TRADER_1970,Tilt-Prone Revenge,2026-09-20T10:56:15.646777+00:00,311,140,926,43.31,-16641.32,15063.5,5620.8,-37325.62,29.26,53.51,26,2.57,True,84.7,100.0,MANDATORY_COOLDOWN,105.13
SESS_00262,TRADER_2283,Aggressive Momentum,2026-09-16T11:40:15.646777+00:00,267,135,1046,47.17,19230.7,12973.68,5424.04,832.98,6.53,0.0,6,1.46,False,51.1,70.2,THROTTLE_SIZE,129.78
SESS_00263,TRADER_1450,Aggressive Momentum,2026-09-22T12:59:15.646777+00:00,188,52,411,48.24,37738.04,6746.16,2127.17,28864.71,6.06,0.0,6,1.19,True,62.8,47.1,THROTTLE_SIZE,157.14
SESS_00264,TRADER_1704,Aggressive Momentum,2026-09-26T13:38:15.646777+00:00,149,36,177,44.02,41370.85,6298.24,1491.71,33580.9,5.5,0.0,4,1.17,False,30.1,37.6,NORMAL,205.13
SESS_00265,TRADER_2053,Disciplined Scalper,2026-09-17T12:36:15.646777+00:00,211,61,469,71.3,22768.22,4166.31,2468.46,16133.45,4.19,0.0,0,1.14,False,8.6,31.8,NORMAL,188.32
SESS_00266,TRADER_2126,Disciplined Scalper,2026-09-18T14:12:15.646777+00:00,115,34,228,54.57,24022.09,4392.46,1390.03,18239.6,4.29,0.0,1,1.09,False,5.2,21.1,NORMAL,138.31
SESS_00267,TRADER_1194,Gambler 0DTE,2026-09-28T14:09:15.646777+00:00,118,157,3482,33.68,-91921.34,23701.74,6394.9,-122017.98,35.75,778.99,17,3.34,True,61.3,47.4,THROTTLE_SIZE,83.77
SESS_00268,TRADER_2062,Disciplined Scalper,2026-09-27T13:39:15.646777+00:00,148,31,207,61.69,20977.82,4112.06,1266.22,15599.54,2.03,0.0,1,1.12,False,21.5,27.2,NORMAL,129.38
SESS_00269,TRADER_1008,Disciplined Scalper,2026-09-16T13:35:15.646777+00:00,152,33,119,70.62,44766.91,2028.69,1375.96,41362.26,1.87,0.0,1,1.11,False,11.6,27.2,NORMAL,142.66
SESS_00270,TRADER_1895,Aggressive Momentum,2026-09-15T11:17:15.646777+00:00,290,128,1410,48.64,43265.93,16445.35,5174.08,21646.5,4.59,0.0,6,1.59,False,51.0,72.3,THROTTLE_SIZE,135.34
SESS_00271,TRADER_1468,Disciplined Scalper,2026-09-15T12:26:15.646777+00:00,221,59,245,57.11,38360.23,6875.91,2407.95,29076.37,3.62,0.0,0,1.05,False,11.5,35.3,NORMAL,132.78
SESS_00272,TRADER_1064,Aggressive Momentum,2026-09-26T15:21:15.646777+00:00,46,86,597,55.66,5866.88,10053.68,3447.33,-7634.13,7.39,0.0,2,1.42,False,57.1,16.9,THROTTLE_SIZE,129.79
SESS_00273,TRADER_2175,Aggressive Momentum,2026-09-20T15:40:15.646777+00:00,27,110,606,59.98,47933.6,9861.04,4459.92,33612.64,5.74,0.0,7,1.27,False,41.4,15.0,NORMAL,142.07
SESS_00274,TRADER_2194,Disciplined Scalper,2026-09-27T12:07:15.646777+00:00,240,42,140,60.26,40307.86,5608.53,1730.38,32968.95,3.45,0.0,1,1.06,False,16.1,45.2,NORMAL,124.02
SESS_00275,TRADER_1042,Disciplined Scalper,2026-09-27T14:41:15.646777+00:00,86,27,224,66.4,18597.98,2120.81,1103.25,15373.92,3.03,0.0,1,1.12,False,17.4,20.8,NORMAL,130.61
SESS_00276,TRADER_2365,Disciplined Scalper,2026-09-29T15:23:15.646777+00:00,44,62,552,69.27,30342.37,3689.31,2517.93,24135.13,4.15,0.0,0,1.12,False,5.0,12.3,NORMAL,114.07
SESS_00277,TRADER_1917,Tilt-Prone Revenge,2026-09-21T11:10:15.646777+00:00,297,162,1459,41.46,-113907.61,7696.99,6622.38,-128226.98,27.87,383.53,26,2.2,True,93.1,100.0,HARD_KILL_SWITCH,99.63
SESS_00278,TRADER_2265,Disciplined Scalper,2026-09-16T10:31:15.646777+00:00,336,58,361,58.98,14905.11,8483.61,2338.63,4082.87,1.45,0.0,1,1.08,False,7.8,51.0,NORMAL,97.87
SESS_00279,TRADER_1064,Disciplined Scalper,2026-09-28T13:01:15.646777+00:00,186,23,123,60.53,27579.84,1760.33,954.47,24865.04,1.44,0.0,2,1.03,False,10.8,30.0,NORMAL,198.03
SESS_00280,TRADER_1036,Disciplined Scalper,2026-09-20T14:35:15.646777+00:00,92,27,209,66.38,33542.39,3488.14,1121.93,28932.32,2.34,0.0,0,1.05,False,12.7,21.3,NORMAL,153.98
SESS_00281,TRADER_2170,Aggressive Momentum,2026-09-18T12:14:15.646777+00:00,233,112,620,57.3,63516.86,6778.55,4559.4,52178.91,7.02,0.0,2,1.4,False,28.5,59.4,NORMAL,70.81
SESS_00282,TRADER_1689,Disciplined Scalper,2026-09-21T13:55:15.646777+00:00,132,21,135,57.85,15896.12,2836.17,859.87,12200.08,2.41,0.0,2,1.01,False,17.9,22.8,NORMAL,146.07
SESS_00283,TRADER_1714,Aggressive Momentum,2026-09-18T15:21:15.646777+00:00,46,38,208,55.75,14390.42,1731.59,1537.99,11120.84,8.64,0.0,5,1.4,True,33.3,21.4,NORMAL,121.69
SESS_00284,TRADER_1071,Disciplined Scalper,2026-09-28T13:31:15.646777+00:00,156,24,167,56.81,42287.78,2511.74,1012.86,38763.18,1.47,0.0,0,1.13,False,21.5,30.6,NORMAL,123.93
SESS_00285,TRADER_1504,Disciplined Scalper,2026-09-28T15:28:15.646777+00:00,39,21,82,69.55,16486.61,1890.61,860.61,13735.39,3.11,0.0,2,1.08,False,5.3,7.6,NORMAL,133.9
SESS_00286,TRADER_1485,Disciplined Scalper,2026-09-21T13:19:15.646777+00:00,168,64,509,52.68,19141.32,7451.49,2583.93,9105.9,1.75,0.0,0,1.01,False,11.7,30.7,NORMAL,138.66
SESS_00287,TRADER_1314,Gambler 0DTE,2026-09-21T14:02:15.646777+00:00,125,155,1073,28.49,-8213.79,12951.01,6210.27,-27375.07,22.68,65.71,14,2.2,True,77.8,50.8,MANDATORY_COOLDOWN,141.01
SESS_00288,TRADER_1541,Gambler 0DTE,2026-09-25T12:47:15.646777+00:00,200,99,1234,37.38,28331.35,8563.91,3995.41,15772.03,14.03,0.0,23,3.43,False,61.4,71.6,THROTTLE_SIZE,144.3
SESS_00289,TRADER_1107,Disciplined Scalper,2026-09-24T14:23:15.646777+00:00,104,51,139,53.32,37753.57,5768.75,2087.19,29897.63,2.75,0.0,1,1.07,False,24.7,18.1,NORMAL,141.93
SESS_00290,TRADER_1117,Aggressive Momentum,2026-09-23T12:56:15.646777+00:00,191,96,829,58.03,-3763.46,11907.43,3844.7,-19515.59,3.64,19.7,4,1.17,False,33.1,54.8,NORMAL,124.43
SESS_00291,TRADER_1927,Gambler 0DTE,2026-09-23T14:45:15.646777+00:00,82,60,1005,30.3,6350.88,6397.36,2407.94,-2454.42,44.46,0.0,10,3.3,True,82.4,43.7,MANDATORY_COOLDOWN,86.61
SESS_00292,TRADER_1448,Disciplined Scalper,2026-09-23T11:47:15.646777+00:00,260,36,136,53.7,26963.52,4836.79,1473.7,20653.03,3.7,0.0,2,1.11,False,12.2,43.2,NORMAL,188.44
SESS_00293,TRADER_1022,Gambler 0DTE,2026-09-20T11:16:15.646777+00:00,291,172,2844,39.08,31482.79,18341.81,6919.35,6221.63,22.24,0.0,25,3.13,True,91.5,94.8,MANDATORY_COOLDOWN,157.55
SESS_00294,TRADER_1331,Aggressive Momentum,2026-09-27T13:08:15.646777+00:00,179,108,967,59.11,28266.11,5021.42,4355.33,18889.36,6.67,0.0,6,1.35,False,29.8,50.9,NORMAL,143.53
SESS_00295,TRADER_2244,Disciplined Scalper,2026-09-22T11:18:15.646777+00:00,289,65,380,60.36,16824.19,9193.52,2621.03,5009.64,2.52,0.0,0,1.13,False,24.7,51.0,NORMAL,166.98
SESS_00296,TRADER_1575,Aggressive Momentum,2026-09-22T10:39:15.646777+00:00,328,44,175,59.73,30274.06,6113.72,1797.84,22362.5,5.43,0.0,5,1.47,False,29.7,82.7,NORMAL,140.18
SESS_00297,TRADER_1170,Aggressive Momentum,2026-09-18T11:37:15.646777+00:00,270,89,520,48.09,-1882.02,13172.87,3562.35,-18617.24,6.44,6.97,8,1.23,False,48.4,72.6,NORMAL,133.07
SESS_00298,TRADER_2279,Tilt-Prone Revenge,2026-09-23T11:26:15.646777+00:00,281,88,1726,44.12,-103171.92,8950.58,3648.96,-115771.46,14.58,367.16,24,2.5,True,74.3,100.0,MANDATORY_COOLDOWN,154.43
SESS_00299,TRADER_1112,Gambler 0DTE,2026-09-26T14:23:15.646777+00:00,104,129,767,32.19,15339.9,7762.3,5179.17,2398.43,31.11,0.0,11,1.87,True,86.7,48.3,MANDATORY_COOLDOWN,136.01
SESS_00300,TRADER_1473,Tilt-Prone Revenge,2026-09-16T14:50:15.646777+00:00,77,251,6505,40.87,-90833.76,23037.72,10153.54,-124025.02,28.74,1179.66,8,3.97,True,84.5,49.2,MANDATORY_COOLDOWN,115.91
SESS_00301,TRADER_2010,Disciplined Scalper,2026-09-18T13:34:15.646777+00:00,153,59,277,58.37,30495.98,3227.85,2398.12,24870.01,2.27,0.0,2,1.09,False,12.8,26.6,NORMAL,133.81
SESS_00302,TRADER_1447,Disciplined Scalper,2026-09-22T15:27:15.646777+00:00,40,62,285,56.92,8699.29,5151.27,2490.87,1057.15,2.14,0.0,2,1.12,False,11.5,6.7,NORMAL,146.1
SESS_00303,TRADER_2400,Aggressive Momentum,2026-09-17T11:25:15.646777+00:00,282,76,462,55.2,-14886.91,3755.11,3058.61,-21700.63,4.04,52.79,4,1.31,False,49.1,61.7,NORMAL,143.52
SESS_00304,TRADER_1747,Disciplined Scalper,2026-09-27T15:22:15.646777+00:00,45,46,223,60.37,22933.28,7051.45,1868.67,14013.16,3.34,0.0,2,1.04,False,25.1,8.0,NORMAL,135.4
SESS_00305,TRADER_2196,Tilt-Prone Revenge,2026-09-25T10:57:15.646777+00:00,310,81,1525,43.8,-27255.95,5897.72,3274.07,-36427.74,11.97,87.92,13,4.62,True,75.1,100.0,MANDATORY_COOLDOWN,144.88
SESS_00306,TRADER_1601,Aggressive Momentum,2026-09-25T13:29:15.646777+00:00,158,41,371,49.77,10757.98,6615.98,1653.45,2488.55,8.3,0.0,7,1.37,False,52.5,51.1,THROTTLE_SIZE,114.45
SESS_00307,TRADER_1745,Aggressive Momentum,2026-09-20T12:42:15.646777+00:00,205,88,550,46.84,6991.9,13142.97,3528.74,-9679.81,6.55,0.0,8,1.44,False,59.3,56.1,THROTTLE_SIZE,91.53
SESS_00308,TRADER_1711,Disciplined Scalper,2026-09-27T10:52:15.646777+00:00,315,48,194,65.98,26177.39,5222.93,1952.72,19001.74,3.84,0.0,0,1.05,False,22.5,49.7,NORMAL,158.12
SESS_00309,TRADER_1772,Algorithmic Semi-Auto,2026-09-23T13:36:15.646777+00:00,151,220,1051,62.76,24278.03,10066.44,8830.35,5381.24,1.38,0.0,0,1.0,False,6.2,15.0,NORMAL,150.83
SESS_00310,TRADER_2125,Aggressive Momentum,2026-09-24T10:32:15.646777+00:00,335,68,394,59.76,41732.8,8697.81,2772.17,30262.82,4.49,0.0,2,1.43,False,38.8,75.5,NORMAL,159.48
SESS_00311,TRADER_1929,Tilt-Prone Revenge,2026-09-18T13:54:15.646777+00:00,133,244,4505,31.62,-47380.66,25154.06,9819.23,-82353.95,22.45,356.25,10,3.66,True,74.5,59.4,MANDATORY_COOLDOWN,128.73
SESS_00312,TRADER_2128,Gambler 0DTE,2026-09-24T11:40:15.646777+00:00,267,67,1221,38.89,-18449.68,10177.41,2703.06,-31330.15,16.6,69.1,17,2.28,True,60.7,91.6,THROTTLE_SIZE,177.89
SESS_00313,TRADER_1718,Tilt-Prone Revenge,2026-09-28T14:30:15.646777+00:00,97,93,1544,33.75,-119991.22,6564.72,3869.99,-130425.93,22.48,1237.02,13,2.67,True,92.2,47.5,HARD_KILL_SWITCH,138.27
SESS_00314,TRADER_1236,Disciplined Scalper,2026-09-19T14:57:15.646777+00:00,70,38,122,62.02,18621.68,6253.37,1543.28,10825.03,2.08,0.0,2,1.14,False,14.6,16.3,NORMAL,137.65
SESS_00315,TRADER_1460,Disciplined Scalper,2026-09-18T14:14:15.646777+00:00,113,16,99,71.25,28174.88,1371.32,675.22,26128.34,2.62,0.0,1,1.12,False,19.0,18.1,NORMAL,114.24
SESS_00316,TRADER_2316,Disciplined Scalper,2026-09-18T13:03:15.646777+00:00,184,17,108,59.61,14481.79,935.4,698.1,12848.29,4.23,0.0,1,1.15,False,19.9,32.1,NORMAL,119.53
SESS_00317,TRADER_1890,Aggressive Momentum,2026-09-21T13:21:15.646777+00:00,166,77,561,47.32,16450.61,9967.53,3100.56,3382.52,4.05,0.0,7,1.19,False,62.8,42.1,THROTTLE_SIZE,178.57
SESS_00318,TRADER_1573,Aggressive Momentum,2026-09-21T15:24:15.646777+00:00,43,95,517,54.04,30385.07,6747.23,3837.98,19799.86,4.79,0.0,6,1.28,False,27.6,18.7,NORMAL,209.39
SESS_00319,TRADER_1232,Tilt-Prone Revenge,2026-09-26T14:29:15.646777+00:00,98,202,4230,31.88,-29094.31,24677.59,8116.37,-61888.27,27.8,296.88,8,4.08,True,84.6,43.1,MANDATORY_COOLDOWN,143.58
SESS_00320,TRADER_1831,Disciplined Scalper,2026-09-22T13:43:15.646777+00:00,144,25,131,71.76,36226.37,3805.06,1045.28,31376.03,4.05,0.0,2,1.13,False,12.6,25.7,NORMAL,120.69
SESS_00321,TRADER_1574,Gambler 0DTE,2026-09-15T12:13:15.646777+00:00,234,194,1688,29.24,-37220.48,14755.5,7806.53,-59782.51,19.44,159.06,16,3.33,True,84.2,72.4,MANDATORY_COOLDOWN,188.4
SESS_00322,TRADER_1346,Aggressive Momentum,2026-09-27T14:56:15.646777+00:00,71,109,970,48.16,-14541.02,15314.87,4378.18,-34234.07,6.14,204.8,3,1.34,False,45.1,30.3,NORMAL,164.18
SESS_00323,TRADER_1370,Aggressive Momentum,2026-09-21T10:57:15.646777+00:00,310,46,313,45.17,44280.81,6197.77,1895.35,36187.69,6.38,0.0,8,1.49,False,30.1,67.9,NORMAL,117.01
SESS_00324,TRADER_1675,Disciplined Scalper,2026-09-25T11:20:15.646777+00:00,287,42,323,61.68,12756.63,2168.11,1695.95,8892.57,3.16,0.0,2,1.13,False,8.6,48.3,NORMAL,185.31
SESS_00325,TRADER_1857,Aggressive Momentum,2026-09-18T13:37:15.646777+00:00,150,81,426,52.25,56508.22,6983.04,3310.64,46214.54,3.75,0.0,4,1.58,False,62.9,38.8,THROTTLE_SIZE,126.32
SESS_00326,TRADER_1802,Disciplined Scalper,2026-09-29T14:12:15.646777+00:00,115,39,259,57.86,38153.4,4295.78,1607.69,32249.93,4.3,0.0,2,1.03,False,24.6,22.6,NORMAL,122.93
SESS_00327,TRADER_1281,Aggressive Momentum,2026-09-15T11:40:15.646777+00:00,267,97,507,55.48,34020.5,4804.24,3922.53,25293.73,8.67,0.0,7,1.37,False,25.2,59.3,NORMAL,153.68
SESS_00328,TRADER_2100,Disciplined Scalper,2026-09-16T12:18:15.646777+00:00,229,26,182,66.21,25702.5,4411.62,1072.13,20218.75,1.68,0.0,2,1.1,False,14.0,43.8,NORMAL,197.71
SESS_00329,TRADER_2074,Gambler 0DTE,2026-09-25T14:51:15.646777+00:00,76,80,927,38.74,-37994.83,5282.7,3247.49,-46525.02,42.4,499.93,20,2.13,True,74.8,43.0,THROTTLE_SIZE,178.1
SESS_00330,TRADER_2153,Tilt-Prone Revenge,2026-09-17T12:40:15.646777+00:00,207,98,1123,30.42,-85577.13,11707.23,4026.97,-101311.33,24.74,413.42,27,4.02,True,71.2,79.3,MANDATORY_COOLDOWN,149.76
SESS_00331,TRADER_1295,Aggressive Momentum,2026-09-23T11:57:15.646777+00:00,250,76,593,57.78,59685.97,3922.9,3114.61,52648.46,3.61,0.0,2,1.35,False,39.8,64.5,NORMAL,94.63
SESS_00332,TRADER_1761,Aggressive Momentum,2026-09-23T11:31:15.646777+00:00,276,35,222,51.66,-8753.27,1637.43,1410.94,-11801.64,6.65,31.71,5,1.26,False,30.6,71.5,NORMAL,192.09
SESS_00333,TRADER_1484,Tilt-Prone Revenge,2026-09-19T15:38:15.646777+00:00,29,193,2031,28.87,-36132.52,32722.57,7765.17,-76620.26,13.28,1245.95,19,2.26,True,80.4,30.7,MANDATORY_COOLDOWN,150.14
SESS_00334,TRADER_1598,Aggressive Momentum,2026-09-21T15:40:15.646777+00:00,27,110,1006,56.36,124.29,11201.24,4400.16,-15477.11,8.79,0.0,3,1.57,False,52.7,10.5,THROTTLE_SIZE,86.2
SESS_00335,TRADER_1548,Aggressive Momentum,2026-09-26T15:19:15.646777+00:00,48,64,671,50.4,36757.09,6754.64,2605.95,27396.5,4.66,0.0,5,1.51,False,49.0,19.3,NORMAL,115.61
SESS_00336,TRADER_2332,Algorithmic Semi-Auto,2026-09-19T11:02:15.646777+00:00,305,123,887,59.86,29094.98,21277.55,4956.37,2861.06,2.21,0.0,1,1.0,False,6.4,15.0,NORMAL,131.83
SESS_00337,TRADER_1498,Disciplined Scalper,2026-09-25T12:51:15.646777+00:00,196,35,236,65.37,13499.67,1941.39,1416.87,10141.41,2.8,0.0,1,1.09,False,26.3,38.0,NORMAL,162.71
SESS_00338,TRADER_1429,Disciplined Scalper,2026-09-22T14:04:15.646777+00:00,123,61,174,63.02,25777.66,8803.86,2472.22,14501.58,2.73,0.0,1,1.09,False,12.9,27.5,NORMAL,174.96
SESS_00339,TRADER_1739,Gambler 0DTE,2026-09-16T14:20:15.646777+00:00,107,126,1446,30.12,-50209.23,12850.54,5102.76,-68162.53,31.68,469.25,14,2.65,True,69.8,45.7,THROTTLE_SIZE,169.49
SESS_00340,TRADER_1717,Aggressive Momentum,2026-09-25T10:47:15.646777+00:00,320,96,357,56.36,12040.57,10862.68,3855.05,-2677.16,7.54,0.0,3,1.2,False,31.2,79.6,NORMAL,122.87
SESS_00341,TRADER_1592,Tilt-Prone Revenge,2026-09-25T11:39:15.646777+00:00,268,122,1879,30.17,-130026.91,16254.53,5042.53,-151323.97,9.78,485.18,11,3.37,True,81.4,96.9,MANDATORY_COOLDOWN,158.18
SESS_00342,TRADER_1873,Aggressive Momentum,2026-09-15T13:58:15.646777+00:00,129,106,1144,49.96,-1830.09,14231.06,4242.29,-20303.44,3.87,14.19,3,1.58,False,38.7,44.6,NORMAL,194.51
SESS_00343,TRADER_1404,Aggressive Momentum,2026-09-23T14:53:15.646777+00:00,74,84,363,47.61,52822.28,6832.48,3426.03,42563.77,8.51,0.0,2,1.17,False,55.3,31.3,THROTTLE_SIZE,99.66
SESS_00344,TRADER_1264,Tilt-Prone Revenge,2026-09-28T12:52:15.646777+00:00,195,164,4042,36.02,-28678.38,21344.32,6595.85,-56618.55,10.49,147.07,29,4.0,True,96.2,75.7,HARD_KILL_SWITCH,123.54
SESS_00345,TRADER_1230,Tilt-Prone Revenge,2026-09-22T12:06:15.646777+00:00,241,92,2132,39.72,-46567.61,4335.73,3738.21,-54641.55,14.9,193.23,19,2.93,True,84.2,92.5,MANDATORY_COOLDOWN,103.07
SESS_00346,TRADER_1066,Gambler 0DTE,2026-09-21T10:44:15.646777+00:00,323,103,1183,25.89,-74587.96,12029.15,4213.23,-90830.34,42.03,230.92,19,1.94,True,62.2,100.0,THROTTLE_SIZE,150.04
SESS_00347,TRADER_1827,Aggressive Momentum,2026-09-15T14:14:15.646777+00:00,113,35,206,57.91,10895.18,1683.93,1413.62,7797.63,6.09,0.0,5,1.42,False,25.2,35.9,NORMAL,109.6
SESS_00348,TRADER_1218,Disciplined Scalper,2026-09-20T15:10:15.646777+00:00,57,60,306,59.79,10465.01,3308.07,2413.08,4743.86,2.69,0.0,1,1.09,False,6.1,8.6,NORMAL,142.42
SESS_00349,TRADER_2019,Algorithmic Semi-Auto,2026-09-29T11:12:15.646777+00:00,295,445,2663,66.04,30935.44,38561.95,17838.67,-25465.18,1.66,0.0,1,1.0,False,14.9,15.0,NORMAL,181.64
SESS_00350,TRADER_2273,Disciplined Scalper,2026-09-28T13:04:15.646777+00:00,183,48,173,71.25,43323.59,8446.85,1974.15,32902.59,3.35,0.0,0,1.14,False,12.5,27.7,NORMAL,147.97
SESS_00351,TRADER_1990,Tilt-Prone Revenge,2026-09-17T15:38:15.646777+00:00,29,249,4053,42.78,-102100.3,42159.88,10087.63,-154347.81,17.4,3520.7,17,3.15,True,90.0,24.5,HARD_KILL_SWITCH,151.26
SESS_00352,TRADER_1951,Aggressive Momentum,2026-09-23T13:47:15.646777+00:00,140,56,498,48.86,63876.72,4283.65,2319.85,57273.22,7.03,0.0,2,1.32,False,30.8,36.9,NORMAL,167.93
SESS_00353,TRADER_1041,Tilt-Prone Revenge,2026-09-28T15:50:15.646777+00:00,17,125,4154,38.03,-40971.38,16580.82,5051.21,-62603.41,26.29,2410.08,23,4.64,True,74.7,24.7,MANDATORY_COOLDOWN,145.03
SESS_00354,TRADER_2044,Disciplined Scalper,2026-09-20T15:32:15.646777+00:00,35,53,362,67.93,20438.23,7225.34,2145.55,11067.34,2.84,0.0,1,1.13,False,16.3,11.1,NORMAL,156.74
SESS_00355,TRADER_2081,Aggressive Momentum,2026-09-26T12:47:15.646777+00:00,200,38,193,49.87,53258.2,5903.9,1586.57,45767.73,7.48,0.0,8,1.44,False,38.9,52.7,NORMAL,154.34
SESS_00356,TRADER_2071,Disciplined Scalper,2026-09-24T12:37:15.646777+00:00,210,63,537,54.61,25621.73,6615.23,2552.03,16454.47,2.94,0.0,2,1.07,False,28.0,34.1,NORMAL,107.23
SESS_00357,TRADER_2349,Tilt-Prone Revenge,2026-09-27T12:54:15.646777+00:00,193,216,4672,36.69,-59072.74,20794.47,8713.84,-88581.05,15.55,306.08,22,3.57,True,73.3,73.5,MANDATORY_COOLDOWN,122.06
SESS_00358,TRADER_1135,Aggressive Momentum,2026-09-24T15:47:15.646777+00:00,20,94,780,45.28,41091.86,10158.7,3811.36,27121.8,4.35,0.0,3,1.56,False,38.7,20.9,NORMAL,119.62
SESS_00359,TRADER_2066,Aggressive Momentum,2026-09-17T11:57:15.646777+00:00,250,84,481,53.43,-14866.16,5987.42,3378.58,-24232.16,5.06,59.46,3,1.33,False,40.0,69.6,NORMAL,105.34
SESS_00360,TRADER_1121,Tilt-Prone Revenge,2026-09-28T10:34:15.646777+00:00,333,148,1946,44.92,-106207.88,17875.53,6052.76,-130136.17,24.13,318.94,23,3.37,True,80.1,100.0,MANDATORY_COOLDOWN,135.87
SESS_00361,TRADER_1181,Aggressive Momentum,2026-09-28T11:49:15.646777+00:00,258,140,1509,55.61,32689.11,18468.04,5640.86,8580.21,8.49,0.0,8,1.4,False,57.5,65.0,THROTTLE_SIZE,159.72
SESS_00362,TRADER_1311,Aggressive Momentum,2026-09-15T14:41:15.646777+00:00,86,140,931,47.29,50363.65,8138.53,5662.95,36562.17,5.44,0.0,5,1.43,False,27.5,36.7,NORMAL,172.29
SESS_00363,TRADER_1567,Aggressive Momentum,2026-09-25T13:53:15.646777+00:00,134,66,380,53.43,11315.36,3206.42,2654.14,5454.8,7.86,0.0,2,1.43,False,31.3,42.6,NORMAL,192.64
SESS_00364,TRADER_1163,Aggressive Momentum,2026-09-28T12:33:15.646777+00:00,214,85,367,48.49,24087.1,12237.62,3430.11,8419.37,4.68,0.0,3,1.5,True,59.8,62.7,THROTTLE_SIZE,96.91
SESS_00365,TRADER_1182,Aggressive Momentum,2026-09-20T12:22:15.646777+00:00,225,112,1062,49.93,45291.78,18773.01,4536.61,21982.16,6.89,0.0,6,1.5,False,39.9,56.2,NORMAL,144.88
SESS_00366,TRADER_1812,Gambler 0DTE,2026-09-23T10:58:15.646777+00:00,309,192,4764,37.42,15409.58,23503.35,7699.26,-15793.03,23.89,0.0,10,3.3,True,71.2,98.3,THROTTLE_SIZE,117.19
SESS_00367,TRADER_1342,Aggressive Momentum,2026-09-16T14:56:15.646777+00:00,71,50,337,56.58,21691.55,7420.1,2027.11,12244.34,5.75,0.0,2,1.36,False,54.2,20.6,THROTTLE_SIZE,116.58
SESS_00368,TRADER_2350,Disciplined Scalper,2026-09-22T10:36:15.646777+00:00,331,12,90,61.84,14210.08,1909.43,497.76,11802.89,3.23,0.0,0,1.11,False,22.7,59.1,NORMAL,113.59
SESS_00369,TRADER_1146,Disciplined Scalper,2026-09-25T13:47:15.646777+00:00,140,55,425,68.2,31890.98,4344.59,2239.86,25306.53,1.82,0.0,1,1.0,False,22.0,25.7,NORMAL,117.56
SESS_00370,TRADER_2034,Aggressive Momentum,2026-09-24T14:31:15.646777+00:00,96,140,686,56.32,61940.68,6933.39,5677.43,49329.86,5.82,0.0,2,1.25,True,59.3,36.8,THROTTLE_SIZE,140.24
SESS_00371,TRADER_1819,Aggressive Momentum,2026-09-21T11:04:15.646777+00:00,303,133,843,59.68,-12852.71,8278.58,5336.07,-26467.36,4.61,42.42,6,1.51,True,59.3,66.1,THROTTLE_SIZE,142.66
SESS_00372,TRADER_1412,Gambler 0DTE,2026-09-29T12:16:15.646777+00:00,231,180,1796,28.58,852.55,16472.67,7201.07,-22821.19,25.73,0.0,25,2.55,True,67.2,69.3,THROTTLE_SIZE,132.56
SESS_00373,TRADER_2140,Aggressive Momentum,2026-09-23T12:45:15.646777+00:00,202,66,575,58.33,16000.98,3272.68,2660.0,10068.3,5.16,0.0,6,1.59,False,45.3,49.9,NORMAL,184.82
SESS_00374,TRADER_1753,Aggressive Momentum,2026-09-16T15:05:15.646777+00:00,62,85,622,54.48,19498.99,12699.18,3424.37,3375.44,4.07,0.0,3,1.12,False,59.6,20.7,THROTTLE_SIZE,109.84
SESS_00375,TRADER_2389,Aggressive Momentum,2026-09-29T15:16:15.646777+00:00,51,42,207,59.74,5721.44,6370.29,1687.15,-2336.0,6.45,0.0,8,1.4,True,51.1,27.5,THROTTLE_SIZE,152.75
SESS_00376,TRADER_1366,Tilt-Prone Revenge,2026-09-29T13:06:15.646777+00:00,181,78,613,41.93,-120341.33,13847.7,3270.43,-137459.46,19.98,664.87,12,3.12,True,73.8,80.0,MANDATORY_COOLDOWN,132.2
SESS_00377,TRADER_1285,Aggressive Momentum,2026-09-19T12:34:15.646777+00:00,213,122,1300,48.9,4164.3,6470.8,4885.21,-7191.71,8.26,0.0,5,1.43,False,47.4,58.4,NORMAL,106.13
SESS_00378,TRADER_1363,Aggressive Momentum,2026-09-19T13:12:15.646777+00:00,175,59,376,55.78,64235.12,4928.3,2440.29,56866.53,7.11,0.0,7,1.49,False,48.7,49.2,NORMAL,175.44
SESS_00379,TRADER_1584,Tilt-Prone Revenge,2026-09-24T12:07:15.646777+00:00,240,67,1967,30.05,-124727.19,9089.31,2835.91,-136652.41,27.4,519.7,24,3.92,True,96.5,94.3,HARD_KILL_SWITCH,139.05
SESS_00380,TRADER_1332,Aggressive Momentum,2026-09-18T15:16:15.646777+00:00,51,62,345,52.69,42290.09,6764.48,2532.86,32992.75,6.02,0.0,8,1.46,False,60.6,26.3,THROTTLE_SIZE,156.39
SESS_00381,TRADER_2291,Aggressive Momentum,2026-09-25T13:06:15.646777+00:00,181,70,382,47.62,40738.38,11205.57,2850.92,26681.89,7.33,0.0,5,1.26,False,62.8,49.2,THROTTLE_SIZE,86.29
SESS_00382,TRADER_2371,Aggressive Momentum,2026-09-22T14:40:15.646777+00:00,87,120,1143,58.65,20024.94,5447.41,4825.03,9752.5,8.96,0.0,4,1.42,False,39.9,23.5,NORMAL,115.57
SESS_00383,TRADER_1070,Aggressive Momentum,2026-09-27T11:04:15.646777+00:00,303,52,380,55.26,-14453.6,7938.72,2098.07,-24490.39,4.29,47.7,7,1.55,False,33.0,67.5,NORMAL,145.9
SESS_00384,TRADER_1851,Aggressive Momentum,2026-09-20T12:10:15.646777+00:00,237,135,565,57.57,12876.96,8762.95,5416.1,-1302.09,3.91,0.0,3,1.29,True,41.5,57.1,NORMAL,122.11
SESS_00385,TRADER_2138,Tilt-Prone Revenge,2026-09-27T15:50:15.646777+00:00,17,211,6065,43.67,-51250.59,22259.85,8504.06,-82014.5,12.72,3014.74,18,3.69,True,72.9,34.6,MANDATORY_COOLDOWN,157.49
SESS_00386,TRADER_2237,Tilt-Prone Revenge,2026-09-29T15:11:15.646777+00:00,56,129,1727,38.78,-113740.83,7277.18,5302.18,-126320.19,19.37,2031.09,21,4.43,True,93.4,44.2,HARD_KILL_SWITCH,160.29
SESS_00387,TRADER_2352,Aggressive Momentum,2026-09-24T12:00:15.646777+00:00,247,103,559,54.79,44989.3,8763.3,4176.24,32049.76,4.56,0.0,5,1.35,False,44.3,59.2,NORMAL,114.87
SESS_00388,TRADER_1828,Aggressive Momentum,2026-09-15T14:23:15.646777+00:00,104,137,832,45.7,47571.63,18643.5,5539.46,23388.67,7.67,0.0,5,1.14,False,34.9,37.5,NORMAL,105.3
SESS_00389,TRADER_1104,Aggressive Momentum,2026-09-17T14:15:15.646777+00:00,112,90,649,47.3,47243.57,11302.32,3659.05,32282.2,5.42,0.0,2,1.42,False,40.8,37.2,NORMAL,159.16
SESS_00390,TRADER_2314,Tilt-Prone Revenge,2026-09-22T10:50:15.646777+00:00,317,200,3402,36.75,-137740.88,16067.37,8172.18,-161980.43,15.98,434.51,19,4.6,True,81.2,100.0,MANDATORY_COOLDOWN,155.32
SESS_00391,TRADER_1243,Aggressive Momentum,2026-09-17T15:35:15.646777+00:00,32,87,468,46.14,32626.48,11530.45,3520.78,17575.25,7.7,0.0,2,1.15,True,37.8,17.1,NORMAL,151.24
SESS_00392,TRADER_1070,Aggressive Momentum,2026-09-21T10:55:15.646777+00:00,312,68,620,51.2,29399.26,4734.36,2756.75,21908.15,7.78,0.0,4,1.38,False,58.5,67.4,THROTTLE_SIZE,102.7
SESS_00393,TRADER_1957,Disciplined Scalper,2026-09-24T11:56:15.646777+00:00,251,20,85,57.12,34119.56,2201.46,842.65,31075.45,3.01,0.0,1,1.06,False,22.1,43.1,NORMAL,97.66
SESS_00394,TRADER_2155,Disciplined Scalper,2026-09-27T11:01:15.646777+00:00,306,62,463,55.94,39572.61,6269.98,2529.47,30773.16,3.27,0.0,1,1.11,False,16.1,47.0,NORMAL,148.03
SESS_00395,TRADER_1426,Aggressive Momentum,2026-09-18T15:34:15.646777+00:00,33,111,857,53.44,47929.82,10184.65,4499.91,33245.26,5.41,0.0,8,1.37,True,63.9,25.3,THROTTLE_SIZE,172.07
SESS_00396,TRADER_1320,Aggressive Momentum,2026-09-26T14:07:15.646777+00:00,120,136,499,51.9,11525.8,21953.85,5454.41,-15882.46,5.59,0.0,7,1.14,True,37.4,38.6,NORMAL,138.53
SESS_00397,TRADER_1267,Tilt-Prone Revenge,2026-09-23T14:58:15.646777+00:00,69,177,4504,38.04,-114683.91,24665.45,7223.35,-146572.71,29.33,1662.09,24,4.27,True,79.0,40.8,MANDATORY_COOLDOWN,157.89
SESS_00398,TRADER_1587,Disciplined Scalper,2026-09-17T15:34:15.646777+00:00,33,47,240,64.6,22165.17,6216.38,1907.71,14041.08,3.09,0.0,1,1.12,False,13.5,11.3,NORMAL,126.3
SESS_00399,TRADER_1176,Tilt-Prone Revenge,2026-09-29T14:09:15.646777+00:00,118,70,1123,37.27,-127736.82,4082.98,2959.67,-134779.47,11.55,1082.52,25,2.54,True,87.5,54.0,MANDATORY_COOLDOWN,131.27
SESS_00400,TRADER_1840,Disciplined Scalper,2026-09-17T15:46:15.646777+00:00,21,53,271,65.62,11603.17,4515.36,2134.5,4953.31,3.18,0.0,0,1.08,False,8.8,4.6,NORMAL,138.7
SESS_00401,TRADER_1658,Aggressive Momentum,2026-09-24T10:32:15.646777+00:00,335,95,682,54.62,-3073.22,9401.31,3803.84,-16278.37,4.35,9.17,2,1.56,True,42.8,81.8,NORMAL,121.67
SESS_00402,TRADER_1109,Tilt-Prone Revenge,2026-09-29T14:40:15.646777+00:00,87,187,2251,38.01,-121389.43,21886.98,7631.74,-150908.15,18.48,1395.28,19,2.73,True,90.9,41.1,HARD_KILL_SWITCH,144.27
SESS_00403,TRADER_2388,Disciplined Scalper,2026-09-19T13:16:15.646777+00:00,171,48,299,64.12,10714.35,2586.03,1933.39,6194.93,1.68,0.0,2,1.05,False,9.5,28.2,NORMAL,109.57
SESS_00404,TRADER_2195,Gambler 0DTE,2026-09-29T13:06:15.646777+00:00,181,116,926,41.76,-10869.3,5697.78,4653.59,-21220.67,34.16,60.05,23,2.31,False,76.0,62.4,MANDATORY_COOLDOWN,95.1
SESS_00405,TRADER_1967,Aggressive Momentum,2026-09-23T11:56:15.646777+00:00,251,48,569,44.05,46731.6,5950.57,1978.41,38802.62,3.87,0.0,7,1.5,True,47.4,67.4,NORMAL,138.99
SESS_00406,TRADER_1345,Tilt-Prone Revenge,2026-09-27T12:27:15.646777+00:00,220,254,4746,30.53,-126321.75,12358.2,10317.9,-148997.85,11.21,574.19,9,2.63,True,70.4,85.0,MANDATORY_COOLDOWN,145.3
SESS_00407,TRADER_1137,Gambler 0DTE,2026-09-16T14:02:15.646777+00:00,125,119,921,35.59,-48492.52,11191.41,4820.62,-64504.55,43.72,387.94,23,2.38,True,78.1,55.9,MANDATORY_COOLDOWN,111.32
SESS_00408,TRADER_1714,Aggressive Momentum,2026-09-16T10:55:15.646777+00:00,312,121,718,59.87,43803.28,7176.17,4894.75,31732.36,6.97,0.0,7,1.11,False,47.0,73.7,NORMAL,168.56
SESS_00409,TRADER_1337,Tilt-Prone Revenge,2026-09-26T11:20:15.646777+00:00,287,200,2642,29.77,-60016.31,30263.18,8075.02,-98354.51,25.21,209.12,20,4.69,True,83.9,100.0,MANDATORY_COOLDOWN,131.63
SESS_00410,TRADER_2339,Aggressive Momentum,2026-09-16T14:59:15.646777+00:00,68,112,1042,56.72,-13940.4,6761.46,4497.43,-25199.29,6.93,205.01,8,1.45,False,49.1,27.5,NORMAL,129.56
SESS_00411,TRADER_1223,Aggressive Momentum,2026-09-18T10:31:15.646777+00:00,336,123,729,51.88,34962.57,16467.86,4963.7,13531.01,7.75,0.0,4,1.46,False,53.8,84.7,THROTTLE_SIZE,150.85
SESS_00412,TRADER_2110,Aggressive Momentum,2026-09-26T15:08:15.646777+00:00,59,126,1244,53.36,37996.65,15313.36,5087.5,17595.79,5.37,0.0,7,1.49,False,25.1,16.9,NORMAL,117.61
SESS_00413,TRADER_1425,Disciplined Scalper,2026-09-17T15:15:15.646777+00:00,52,34,141,64.19,19059.07,5787.77,1383.82,11887.48,2.62,0.0,1,1.07,False,13.1,14.3,NORMAL,172.12
SESS_00414,TRADER_1471,Disciplined Scalper,2026-09-26T11:47:15.646777+00:00,260,38,317,67.9,33876.73,6834.77,1562.35,25479.61,3.91,0.0,0,1.05,False,24.4,44.6,NORMAL,165.58
SESS_00415,TRADER_1682,Disciplined Scalper,2026-09-26T13:08:15.646777+00:00,179,55,204,61.98,15203.85,5568.8,2219.0,7416.05,4.18,0.0,1,1.0,False,6.9,28.8,NORMAL,129.93
SESS_00416,TRADER_1322,Aggressive Momentum,2026-09-25T11:38:15.646777+00:00,269,130,912,44.53,58410.46,13928.1,5273.01,39209.35,5.76,0.0,8,1.32,False,63.8,61.6,THROTTLE_SIZE,120.59
SESS_00417,TRADER_1634,Aggressive Momentum,2026-09-22T14:13:15.646777+00:00,114,118,623,46.61,63361.5,19764.82,4799.2,38797.48,5.74,0.0,2,1.17,False,55.0,36.3,THROTTLE_SIZE,160.6
SESS_00418,TRADER_1946,Disciplined Scalper,2026-09-18T11:50:15.646777+00:00,257,38,177,56.76,32172.2,6379.09,1560.22,24232.89,4.41,0.0,1,1.07,False,11.0,40.7,NORMAL,145.45
SESS_00419,TRADER_2102,Aggressive Momentum,2026-09-15T14:59:15.646777+00:00,68,137,1384,53.05,597.5,18731.83,5480.75,-23615.08,3.66,0.0,4,1.57,False,29.6,18.7,NORMAL,107.9
SESS_00420,TRADER_1066,Tilt-Prone Revenge,2026-09-23T15:14:15.646777+00:00,53,152,2220,36.72,-66132.98,15946.02,6162.67,-88241.67,11.17,1247.79,29,4.63,True,89.2,37.0,HARD_KILL_SWITCH,106.28
SESS_00421,TRADER_1100,Aggressive Momentum,2026-09-21T15:41:15.646777+00:00,26,72,652,51.15,50173.11,12938.42,2942.72,34291.97,6.54,0.0,3,1.48,False,45.2,23.0,NORMAL,154.09
SESS_00422,TRADER_1040,Aggressive Momentum,2026-09-19T12:18:15.646777+00:00,229,90,691,54.07,-14170.78,8704.12,3617.71,-26492.61,4.73,61.88,2,1.19,False,35.1,63.8,NORMAL,187.2
SESS_00423,TRADER_2059,Aggressive Momentum,2026-09-29T13:40:15.646777+00:00,147,60,412,50.99,46594.86,10760.02,2458.24,33376.6,6.71,0.0,2,1.3,False,58.5,44.0,THROTTLE_SIZE,104.02
SESS_00424,TRADER_2279,Aggressive Momentum,2026-09-26T13:45:15.646777+00:00,142,40,134,55.13,49197.84,6200.13,1661.5,41336.21,7.81,0.0,8,1.29,False,35.6,45.0,NORMAL,131.22
SESS_00425,TRADER_1536,Aggressive Momentum,2026-09-16T11:10:15.646777+00:00,297,95,293,51.0,-4469.6,7977.28,3805.59,-16252.47,6.4,15.05,5,1.22,True,48.0,77.1,NORMAL,111.0
SESS_00426,TRADER_1321,Tilt-Prone Revenge,2026-09-15T12:45:15.646777+00:00,202,137,1452,35.27,-31947.92,20043.08,5519.93,-57510.93,14.8,158.16,23,2.39,True,81.6,84.1,MANDATORY_COOLDOWN,198.77
SESS_00427,TRADER_2222,Tilt-Prone Revenge,2026-09-24T12:05:15.646777+00:00,242,201,1470,42.78,-52818.73,10435.74,8106.02,-71360.49,9.55,218.26,14,2.45,True,82.6,95.9,MANDATORY_COOLDOWN,168.26
SESS_00428,TRADER_1773,Tilt-Prone Revenge,2026-09-16T10:27:15.646777+00:00,340,227,4918,29.73,-122902.01,36182.93,9233.63,-168318.57,13.23,361.48,29,4.7,True,81.8,100.0,MANDATORY_COOLDOWN,137.91
SESS_00429,TRADER_1455,Tilt-Prone Revenge,2026-09-17T11:14:15.646777+00:00,293,122,3641,29.62,-126274.51,5974.47,5037.84,-137286.82,22.08,430.97,26,4.79,True,72.1,100.0,MANDATORY_COOLDOWN,158.29
SESS_00430,TRADER_1635,Aggressive Momentum,2026-09-25T11:28:15.646777+00:00,279,46,355,51.18,33998.7,2710.92,1882.5,29405.28,4.35,0.0,2,1.48,True,63.4,67.0,THROTTLE_SIZE,156.47
SESS_00431,TRADER_1863,Aggressive Momentum,2026-09-24T12:20:15.646777+00:00,227,64,527,44.41,32793.35,7657.76,2600.99,22534.6,6.82,0.0,3,1.25,False,29.6,55.6,NORMAL,157.65
SESS_00432,TRADER_1632,Aggressive Momentum,2026-09-18T12:41:15.646777+00:00,206,125,699,44.57,32832.41,13672.75,5041.04,14118.62,5.78,0.0,8,1.11,False,42.7,55.3,NORMAL,148.2
SESS_00433,TRADER_1558,Disciplined Scalper,2026-09-23T11:48:15.646777+00:00,259,13,40,54.84,23166.4,1912.12,548.96,20705.32,2.7,0.0,0,1.15,False,11.8,40.5,NORMAL,135.06
SESS_00434,TRADER_1797,Disciplined Scalper,2026-09-21T11:14:15.646777+00:00,293,19,122,68.65,10698.24,2055.61,773.37,7869.26,4.16,0.0,0,1.02,False,7.2,53.4,NORMAL,130.04
SESS_00435,TRADER_1863,Gambler 0DTE,2026-09-18T12:23:15.646777+00:00,224,85,1516,31.54,-28801.4,11648.1,3436.0,-43885.5,19.28,128.58,13,3.4,False,78.0,67.4,MANDATORY_COOLDOWN,172.8
SESS_00436,TRADER_1119,Disciplined Scalper,2026-09-23T13:00:15.646777+00:00,187,48,148,69.44,26104.67,7510.09,1952.63,16641.95,4.34,0.0,0,1.01,False,6.1,34.2,NORMAL,152.01
SESS_00437,TRADER_1047,Tilt-Prone Revenge,2026-09-18T14:04:15.646777+00:00,123,201,5575,30.21,-75519.38,12679.0,8134.4,-96332.78,14.48,613.98,8,4.33,True,87.0,58.2,MANDATORY_COOLDOWN,182.97
SESS_00438,TRADER_2274,Tilt-Prone Revenge,2026-09-29T11:46:15.646777+00:00,261,244,2495,29.77,-124385.12,15744.33,9915.48,-150044.93,11.87,476.57,25,2.1,True,91.2,100.0,HARD_KILL_SWITCH,164.11
SESS_00439,TRADER_1890,Algorithmic Semi-Auto,2026-09-27T15:35:15.646777+00:00,32,216,937,60.14,96406.24,27382.97,8760.51,60262.76,2.78,0.0,3,1.0,False,4.6,15.0,NORMAL,145.57
SESS_00440,TRADER_1810,Tilt-Prone Revenge,2026-09-15T10:31:15.646777+00:00,336,91,1350,31.05,-20642.53,4209.9,3665.8,-28518.23,12.06,61.44,28,2.28,True,75.2,100.0,MANDATORY_COOLDOWN,179.25
SESS_00441,TRADER_1471,Algorithmic Semi-Auto,2026-09-19T13:47:15.646777+00:00,140,384,1787,67.86,66649.47,58224.94,15443.31,-7018.78,2.19,0.0,3,1.0,False,11.9,15.0,NORMAL,115.73
SESS_00442,TRADER_1071,Aggressive Momentum,2026-09-15T12:37:15.646777+00:00,210,115,939,56.21,5628.14,12156.22,4607.04,-11135.12,7.83,0.0,3,1.56,False,63.5,58.0,THROTTLE_SIZE,134.81
SESS_00443,TRADER_1445,Tilt-Prone Revenge,2026-09-28T12:20:15.646777+00:00,227,205,3006,33.59,-18868.24,28008.2,8223.59,-55100.03,19.23,83.12,11,2.18,True,82.4,89.2,MANDATORY_COOLDOWN,159.38
SESS_00444,TRADER_1763,Gambler 0DTE,2026-09-21T12:43:15.646777+00:00,204,151,1580,31.09,-13510.05,7560.02,6056.89,-27126.96,31.27,66.23,19,2.61,True,79.6,69.7,MANDATORY_COOLDOWN,201.73
SESS_00445,TRADER_1863,Aggressive Momentum,2026-09-18T11:56:15.646777+00:00,251,36,168,52.13,-6629.56,1747.82,1448.29,-9825.67,4.0,26.41,6,1.26,False,38.1,60.8,NORMAL,133.03
SESS_00446,TRADER_1982,Tilt-Prone Revenge,2026-09-24T15:33:15.646777+00:00,34,101,570,40.84,-24529.96,15905.81,4070.66,-44506.43,11.64,721.47,19,2.17,True,93.8,35.5,HARD_KILL_SWITCH,180.08
SESS_00447,TRADER_1748,Aggressive Momentum,2026-09-25T15:27:15.646777+00:00,40,109,765,58.07,23150.98,16537.96,4388.94,2224.08,5.19,0.0,3,1.22,False,58.8,19.1,THROTTLE_SIZE,151.61
SESS_00448,TRADER_2308,Aggressive Momentum,2026-09-19T12:28:15.646777+00:00,219,73,572,56.47,62232.98,11003.96,2997.79,48231.23,8.78,0.0,6,1.16,True,29.5,54.4,NORMAL,109.53
SESS_00449,TRADER_1402,Disciplined Scalper,2026-09-24T12:46:15.646777+00:00,201,60,482,58.52,12692.58,3514.54,2415.87,6762.17,3.46,0.0,2,1.13,False,18.5,39.6,NORMAL,179.07
SESS_00450,TRADER_1880,Algorithmic Semi-Auto,2026-09-18T15:02:15.646777+00:00,65,249,1934,59.1,101724.64,30675.71,10087.16,60961.77,1.12,0.0,1,1.0,False,12.4,15.0,NORMAL,161.24
SESS_00451,TRADER_2144,Aggressive Momentum,2026-09-21T12:22:15.646777+00:00,225,35,366,49.27,53525.73,5641.69,1466.91,46417.13,8.47,0.0,6,1.53,True,31.2,60.0,NORMAL,113.36
SESS_00452,TRADER_2053,Tilt-Prone Revenge,2026-09-19T13:35:15.646777+00:00,152,124,2481,32.76,-93880.0,12522.55,5077.35,-111479.9,26.15,617.63,9,4.2,True,75.1,58.8,MANDATORY_COOLDOWN,157.12
SESS_00453,TRADER_2368,Aggressive Momentum,2026-09-20T11:38:15.646777+00:00,269,135,1077,55.66,10187.35,14270.17,5412.73,-9495.55,6.86,0.0,6,1.47,True,30.4,60.5,NORMAL,116.17
SESS_00454,TRADER_2003,Disciplined Scalper,2026-09-20T10:44:15.646777+00:00,323,45,179,55.84,13143.29,4111.51,1816.43,7215.35,3.43,0.0,2,1.05,False,15.3,49.7,NORMAL,105.83
SESS_00455,TRADER_1881,Aggressive Momentum,2026-09-29T11:58:15.646777+00:00,249,123,830,57.99,64319.39,21055.08,5000.4,38263.91,3.98,0.0,4,1.35,True,40.5,68.1,NORMAL,200.46
SESS_00456,TRADER_2179,Gambler 0DTE,2026-09-15T13:05:15.646777+00:00,182,154,2328,31.61,-39086.96,21347.49,6208.86,-66643.31,40.92,214.76,13,2.33,False,90.5,69.4,MANDATORY_COOLDOWN,88.21
SESS_00457,TRADER_1274,Disciplined Scalper,2026-09-20T14:08:15.646777+00:00,119,23,99,54.57,12089.05,2154.88,935.11,8999.06,1.93,0.0,0,1.1,False,6.7,23.7,NORMAL,163.58
SESS_00458,TRADER_1551,Aggressive Momentum,2026-09-21T12:32:15.646777+00:00,215,121,1216,55.4,19185.8,11445.72,4863.98,2876.1,7.12,0.0,2,1.45,False,58.9,55.1,THROTTLE_SIZE,166.25
SESS_00459,TRADER_2309,Disciplined Scalper,2026-09-16T14:17:15.646777+00:00,110,56,219,71.8,41126.22,3817.17,2291.41,35017.64,4.14,0.0,0,1.04,False,9.7,21.1,NORMAL,148.15
SESS_00460,TRADER_1057,Aggressive Momentum,2026-09-24T10:50:15.646777+00:00,317,124,542,54.48,15635.98,10726.63,4979.54,-70.19,7.7,0.0,8,1.14,True,63.5,78.7,THROTTLE_SIZE,153.12
SESS_00461,TRADER_1264,Gambler 0DTE,2026-09-23T14:58:15.646777+00:00,69,162,1958,28.94,-9469.44,12434.73,6491.84,-28396.01,27.21,137.24,18,3.49,True,66.2,31.6,THROTTLE_SIZE,146.7
SESS_00462,TRADER_2119,Aggressive Momentum,2026-09-19T10:51:15.646777+00:00,316,77,386,51.14,16182.71,8594.54,3100.23,4487.94,5.96,0.0,2,1.58,False,51.4,74.9,THROTTLE_SIZE,139.19
SESS_00463,TRADER_1175,Tilt-Prone Revenge,2026-09-24T13:14:15.646777+00:00,173,189,2303,31.04,-31475.04,18982.74,7599.34,-58057.12,24.83,181.94,9,3.72,True,80.6,77.6,MANDATORY_COOLDOWN,198.33
SESS_00464,TRADER_1717,Aggressive Momentum,2026-09-15T10:47:15.646777+00:00,320,130,767,58.05,42112.09,16547.77,5252.64,20311.68,5.42,0.0,3,1.46,False,58.9,72.7,THROTTLE_SIZE,136.7
SESS_00465,TRADER_1090,Disciplined Scalper,2026-09-17T11:23:15.646777+00:00,284,56,256,68.6,35575.35,8221.78,2284.47,25069.1,3.07,0.0,0,1.03,False,12.1,47.3,NORMAL,164.04
SESS_00466,TRADER_2192,Aggressive Momentum,2026-09-25T11:39:15.646777+00:00,268,75,588,58.84,24800.68,3927.83,3031.0,17841.85,6.82,0.0,7,1.22,True,56.6,71.6,THROTTLE_SIZE,137.17
SESS_00467,TRADER_1243,Aggressive Momentum,2026-09-15T12:13:15.646777+00:00,234,71,624,45.81,10673.82,8559.47,2853.34,-738.99,5.58,0.0,2,1.5,False,44.2,61.4,NORMAL,145.65
SESS_00468,TRADER_2297,Disciplined Scalper,2026-09-18T14:00:15.646777+00:00,127,46,350,56.51,13474.47,3051.61,1856.84,8566.02,3.31,0.0,1,1.1,False,6.1,20.7,NORMAL,131.8
SESS_00469,TRADER_2022,Disciplined Scalper,2026-09-27T13:09:15.646777+00:00,178,16,110,61.08,44196.92,2723.7,695.25,40777.97,1.22,0.0,0,1.01,False,14.8,30.6,NORMAL,135.95
SESS_00470,TRADER_1098,Aggressive Momentum,2026-09-18T15:25:15.646777+00:00,42,113,522,58.32,-8081.04,14436.11,4530.1,-27047.25,4.75,192.41,5,1.41,False,59.3,21.2,THROTTLE_SIZE,102.13
SESS_00471,TRADER_2186,Aggressive Momentum,2026-09-20T14:34:15.646777+00:00,93,37,293,55.26,15413.43,5652.1,1499.27,8262.06,6.38,0.0,5,1.31,False,33.3,34.7,NORMAL,162.11
SESS_00472,TRADER_1843,Disciplined Scalper,2026-09-18T14:51:15.646777+00:00,76,35,184,56.28,13012.62,4252.33,1416.27,7344.02,3.0,0.0,1,1.02,False,21.4,14.3,NORMAL,166.42
SESS_00473,TRADER_1247,Disciplined Scalper,2026-09-18T15:43:15.646777+00:00,24,27,178,59.5,8929.54,4150.47,1091.16,3687.91,2.13,0.0,1,1.03,False,15.4,12.2,NORMAL,131.71
SESS_00474,TRADER_2164,Tilt-Prone Revenge,2026-09-26T11:49:15.646777+00:00,258,72,958,35.58,-109166.34,5455.28,3016.46,-117638.08,22.1,423.13,22,2.57,True,89.2,89.0,HARD_KILL_SWITCH,132.87
SESS_00475,TRADER_1605,Tilt-Prone Revenge,2026-09-20T15:34:15.646777+00:00,33,128,2661,33.48,-55986.6,12922.21,5189.98,-74098.79,23.32,1696.56,20,3.83,True,81.6,25.5,MANDATORY_COOLDOWN,171.1
SESS_00476,TRADER_2203,Aggressive Momentum,2026-09-20T11:14:15.646777+00:00,293,132,816,59.57,64356.42,14714.18,5360.45,44281.79,3.82,0.0,5,1.1,False,56.9,75.1,THROTTLE_SIZE,136.72
SESS_00477,TRADER_2126,Disciplined Scalper,2026-09-24T14:16:15.646777+00:00,111,29,134,63.33,16184.93,1878.36,1180.23,13126.34,4.23,0.0,2,1.02,False,21.0,19.0,NORMAL,131.57
SESS_00478,TRADER_2147,Disciplined Scalper,2026-09-26T15:27:15.646777+00:00,40,64,224,56.29,27080.43,10003.03,2593.85,14483.55,3.27,0.0,1,1.13,False,11.9,15.2,NORMAL,174.3
SESS_00479,TRADER_1457,Aggressive Momentum,2026-09-29T14:09:15.646777+00:00,118,121,915,45.54,48842.76,11628.89,4901.05,32312.82,4.13,0.0,3,1.49,True,51.6,34.8,THROTTLE_SIZE,134.12
SESS_00480,TRADER_1370,Tilt-Prone Revenge,2026-09-17T14:21:15.646777+00:00,106,276,2656,30.2,-45783.54,38525.42,11097.23,-95406.19,25.83,431.92,12,2.8,True,94.4,46.9,HARD_KILL_SWITCH,76.51
SESS_00481,TRADER_1709,Algorithmic Semi-Auto,2026-09-22T11:05:15.646777+00:00,302,261,1632,63.98,68849.39,25095.74,10526.06,33227.59,1.06,0.0,1,1.0,False,12.9,15.0,NORMAL,190.66
SESS_00482,TRADER_1227,Aggressive Momentum,2026-09-26T15:43:15.646777+00:00,24,95,709,44.76,43769.34,9943.81,3854.71,29970.82,8.41,0.0,4,1.44,False,61.3,24.2,THROTTLE_SIZE,165.13
SESS_00483,TRADER_1898,Gambler 0DTE,2026-09-27T11:01:15.646777+00:00,306,205,3229,40.96,-14338.58,32098.28,8217.92,-54654.78,32.47,46.86,17,2.8,True,67.9,90.6,THROTTLE_SIZE,166.24
SESS_00484,TRADER_1892,Disciplined Scalper,2026-09-16T14:28:15.646777+00:00,99,55,411,53.38,39726.87,5189.02,2249.66,32288.19,3.39,0.0,2,1.07,False,14.0,17.2,NORMAL,108.13
SESS_00485,TRADER_2276,Aggressive Momentum,2026-09-28T14:14:15.646777+00:00,113,73,317,53.8,26590.88,6442.45,2953.24,17195.19,8.74,0.0,2,1.26,False,51.2,31.8,THROTTLE_SIZE,171.37
SESS_00486,TRADER_2059,Disciplined Scalper,2026-09-18T13:30:15.646777+00:00,157,35,268,63.93,34502.07,5103.84,1443.13,27955.1,4.37,0.0,0,1.15,False,21.0,29.6,NORMAL,170.23
SESS_00487,TRADER_1986,Tilt-Prone Revenge,2026-09-28T13:15:15.646777+00:00,172,83,3085,41.1,-74940.31,7314.43,3413.68,-85668.42,18.02,435.7,12,4.79,True,82.4,73.1,MANDATORY_COOLDOWN,123.53
SESS_00488,TRADER_2002,Tilt-Prone Revenge,2026-09-24T12:50:15.646777+00:00,197,61,1017,29.16,-54484.11,4304.48,2508.11,-61296.7,30.81,276.57,24,4.12,True,80.2,78.1,MANDATORY_COOLDOWN,159.4
SESS_00489,TRADER_1309,Disciplined Scalper,2026-09-29T14:04:15.646777+00:00,123,35,108,60.94,25811.66,5603.79,1432.26,18775.61,3.91,0.0,1,1.02,False,24.5,20.1,NORMAL,165.93
SESS_00490,TRADER_2328,Gambler 0DTE,2026-09-22T10:36:15.646777+00:00,331,106,1514,32.36,34379.44,12604.14,4282.97,17492.33,15.73,0.0,25,2.02,True,93.1,96.9,MANDATORY_COOLDOWN,103.2
SESS_00491,TRADER_1716,Gambler 0DTE,2026-09-17T13:26:15.646777+00:00,161,118,1737,28.83,11624.3,18490.98,4734.53,-11601.21,28.33,0.0,10,3.11,False,63.9,58.2,THROTTLE_SIZE,154.4
SESS_00492,TRADER_1270,Aggressive Momentum,2026-09-22T13:31:15.646777+00:00,156,88,456,47.0,53952.54,9899.37,3587.44,40465.73,4.11,0.0,6,1.38,True,62.4,46.6,THROTTLE_SIZE,108.3
SESS_00493,TRADER_1275,Tilt-Prone Revenge,2026-09-25T11:32:15.646777+00:00,275,100,1628,32.15,-32114.42,12351.91,4040.14,-48506.47,10.98,116.78,27,2.86,True,88.6,95.5,HARD_KILL_SWITCH,131.77
SESS_00494,TRADER_1973,Tilt-Prone Revenge,2026-09-21T14:42:15.646777+00:00,85,188,5075,29.65,-61320.14,16074.37,7596.65,-84991.16,15.56,721.41,12,3.72,True,91.4,47.7,HARD_KILL_SWITCH,182.28
SESS_00495,TRADER_1776,Algorithmic Semi-Auto,2026-09-20T15:02:15.646777+00:00,65,366,2150,58.1,43497.3,31987.44,14694.37,-3184.51,2.98,0.0,0,1.0,False,11.9,15.0,NORMAL,133.61
SESS_00496,TRADER_1222,Disciplined Scalper,2026-09-16T11:58:15.646777+00:00,249,61,189,53.21,18148.97,10848.16,2462.69,4838.12,3.36,0.0,0,1.14,False,10.2,43.9,NORMAL,177.72
SESS_00497,TRADER_1485,Gambler 0DTE,2026-09-17T11:40:15.646777+00:00,267,113,2028,34.05,-44136.54,9020.95,4575.17,-57732.66,33.84,165.31,16,2.95,False,77.7,85.0,MANDATORY_COOLDOWN,102.7
SESS_00498,TRADER_1454,Aggressive Momentum,2026-09-18T14:52:15.646777+00:00,75,117,901,58.83,5170.25,5666.82,4686.46,-5183.03,7.88,0.0,6,1.52,False,57.8,26.2,THROTTLE_SIZE,174.61
SESS_00499,TRADER_1498,Aggressive Momentum,2026-09-20T13:02:15.646777+00:00,185,102,999,57.32,59547.9,17740.21,4154.43,37653.26,4.08,0.0,6,1.35,False,28.7,54.4,NORMAL,129.5
SESS_00500,TRADER_1152,Disciplined Scalper,2026-09-20T11:30:15.646777+00:00,277,42,278,68.13,40168.38,2140.09,1730.21,36298.08,2.66,0.0,1,1.0,False,15.1,44.4,NORMAL,117.91
