underlying,symbol,spot_price,strike,option_type,expiry_tier,dte_days,implied_vol,premium,delta,gamma,theta,vega,vanna,charm,open_interest,volume_contracts,lot_size,net_gex_crores
NIFTY,^NSEI,25850.0,24100,CE,0DTE,0.35,0.1662,1751.31,1.0,0.0,-3.748,0.0,-0.0,3e-05,71206,41628,25,0.0
NIFTY,^NSEI,25850.0,24100,PE,0DTE,0.35,0.1662,0.05,-0.0,0.0,-0.0,0.0,-0.0,0.0,126448,87871,25,-0.0
NIFTY,^NSEI,25850.0,24150,CE,0DTE,0.35,0.1652,1701.32,1.0,0.0,-3.758,0.0,-0.0,3e-05,79593,60649,25,0.0
NIFTY,^NSEI,25850.0,24150,PE,0DTE,0.35,0.1652,0.05,-0.0,0.0,-0.0,0.0,-0.0,0.0,154312,115868,25,-0.0
NIFTY,^NSEI,25850.0,24200,CE,0DTE,0.35,0.1643,1651.32,1.0,0.0,-3.767,0.0,-0.0,3e-05,38886,22284,25,0.0
NIFTY,^NSEI,25850.0,24200,PE,0DTE,0.35,0.1643,0.05,-0.0,0.0,-0.0,0.0,-0.0,0.0,52503,36990,25,-0.0
NIFTY,^NSEI,25850.0,24250,CE,0DTE,0.35,0.1634,1601.32,1.0,0.0,-3.776,0.0,-0.0,3e-05,148105,118532,25,0.0
NIFTY,^NSEI,25850.0,24250,PE,0DTE,0.35,0.1634,0.05,-0.0,0.0,-0.0,0.0,-0.0,0.0,249440,43079,25,-0.0
NIFTY,^NSEI,25850.0,24300,CE,0DTE,0.35,0.1625,1551.32,1.0,0.0,-3.785,0.0,-0.0,3e-05,83551,53434,25,0.0
NIFTY,^NSEI,25850.0,24300,PE,0DTE,0.35,0.1625,0.05,-0.0,0.0,-0.0,0.0,-0.0,0.0,146725,26223,25,-0.0
NIFTY,^NSEI,25850.0,24350,CE,0DTE,0.35,0.1616,1501.33,1.0,0.0,-3.795,0.0,-0.0,3e-05,65197,48098,25,0.0
NIFTY,^NSEI,25850.0,24350,PE,0DTE,0.35,0.1616,0.05,-0.0,0.0,-0.0,0.0,-0.0,0.0,106275,72831,25,-0.0
NIFTY,^NSEI,25850.0,24400,CE,0DTE,0.35,0.1607,1451.33,1.0,0.0,-3.804,0.0,-0.0,3e-05,44505,13879,25,0.0
NIFTY,^NSEI,25850.0,24400,PE,0DTE,0.35,0.1607,0.05,-0.0,0.0,-0.0,0.0,-0.0,0.0,109727,30327,25,-0.0
NIFTY,^NSEI,25850.0,24450,CE,0DTE,0.35,0.1598,1401.33,1.0,0.0,-3.813,0.0,-0.0,3e-05,25829,21543,25,0.0
NIFTY,^NSEI,25850.0,24450,PE,0DTE,0.35,0.1598,0.05,-0.0,0.0,-0.0,0.0,-0.0,0.0,38836,26148,25,-0.0
NIFTY,^NSEI,25850.0,24500,CE,0DTE,0.35,0.1589,1351.34,1.0,0.0,-3.822,0.0,-0.0,3e-05,184572,107098,25,0.0
NIFTY,^NSEI,25850.0,24500,PE,0DTE,0.35,0.1589,0.05,-0.0,0.0,-0.0,0.0,-0.0,0.0,294317,236400,25,-0.0
NIFTY,^NSEI,25850.0,24550,CE,0DTE,0.35,0.158,1301.34,1.0,0.0,-3.832,0.0,-0.0,3e-05,98653,73627,25,0.0
NIFTY,^NSEI,25850.0,24550,PE,0DTE,0.35,0.158,0.05,-0.0,0.0,-0.0,0.0,-0.0,0.0,192939,144755,25,-0.0
NIFTY,^NSEI,25850.0,24600,CE,0DTE,0.35,0.1571,1251.34,1.0,0.0,-3.841,0.0,-0.0,3e-05,67175,39373,25,0.0
NIFTY,^NSEI,25850.0,24600,PE,0DTE,0.35,0.1571,0.05,-0.0,0.0,-0.0,0.0,-0.0,0.0,119565,100562,25,-0.0
NIFTY,^NSEI,25850.0,24650,CE,0DTE,0.35,0.1562,1201.35,1.0,0.0,-3.85,0.0,-0.0,3e-05,50008,28065,25,0.0
NIFTY,^NSEI,25850.0,24650,PE,0DTE,0.35,0.1562,0.05,-0.0,0.0,-0.0,0.0,-0.0,0.0,118902,87385,25,-0.0
NIFTY,^NSEI,25850.0,24700,CE,0DTE,0.35,0.1553,1151.35,1.0,0.0,-3.859,0.0,-0.0,3e-05,34327,14619,25,0.0
NIFTY,^NSEI,25850.0,24700,PE,0DTE,0.35,0.1553,0.05,-0.0,0.0,-0.0,0.0,-0.0,0.0,63715,32510,25,-0.0
NIFTY,^NSEI,25850.0,24750,CE,0DTE,0.35,0.1544,1101.35,1.0,0.0,-3.869,0.0,-0.0,3e-05,133197,56419,25,0.0
NIFTY,^NSEI,25850.0,24750,PE,0DTE,0.35,0.1544,0.05,-0.0,0.0,-0.0,0.0,-0.0,0.0,301198,178967,25,-0.0
NIFTY,^NSEI,25850.0,24800,CE,0DTE,0.35,0.1535,1051.36,1.0,0.0,-3.878,0.0,-0.0,3e-05,85552,38158,25,0.0
NIFTY,^NSEI,25850.0,24800,PE,0DTE,0.35,0.1535,0.05,-0.0,0.0,-0.0,0.0,-0.0,0.0,207134,93952,25,-0.0
NIFTY,^NSEI,25850.0,24850,CE,0DTE,0.35,0.1526,1001.36,1.0,0.0,-3.887,0.0,-0.0,3e-05,41642,16023,25,0.0
NIFTY,^NSEI,25850.0,24850,PE,0DTE,0.35,0.1526,0.05,-0.0,0.0,-0.0,0.0,-0.0,0.0,81810,29127,25,-0.0
NIFTY,^NSEI,25850.0,24900,CE,0DTE,0.35,0.1517,951.36,1.0,0.0,-3.896,0.0,-0.0,3e-05,97423,27116,25,0.0
NIFTY,^NSEI,25850.0,24900,PE,0DTE,0.35,0.1517,0.05,-0.0,0.0,-0.0,0.0,-0.0,0.0,196646,119631,25,-0.0
NIFTY,^NSEI,25850.0,24950,CE,0DTE,0.35,0.1508,901.37,1.0,0.0,-3.906,0.0,-0.0,3e-05,103289,55378,25,0.0
NIFTY,^NSEI,25850.0,24950,PE,0DTE,0.35,0.1508,0.05,-0.0,0.0,-0.0,0.0,-0.0,0.0,235599,182394,25,-0.0
NIFTY,^NSEI,25850.0,25000,CE,0DTE,0.35,0.15,851.37,1.0,0.0,-3.915,0.0,-0.0,3e-05,326398,231481,25,0.0
NIFTY,^NSEI,25850.0,25000,PE,0DTE,0.35,0.15,0.05,-0.0,0.0,-0.0,0.0,-0.0,0.0,709991,128132,25,-0.0
NIFTY,^NSEI,25850.0,25050,CE,0DTE,0.35,0.1491,801.37,1.0,0.0,-3.924,0.0,-0.0,3e-05,71843,33937,25,0.0
NIFTY,^NSEI,25850.0,25050,PE,0DTE,0.35,0.1491,0.05,-0.0,0.0,-0.0,0.0,-0.0,0.0,134449,41348,25,-0.0
NIFTY,^NSEI,25850.0,25100,CE,0DTE,0.35,0.1482,751.38,1.0,0.0,-3.933,0.0,-0.0,3e-05,78214,66442,25,0.0
NIFTY,^NSEI,25850.0,25100,PE,0DTE,0.35,0.1482,0.05,-0.0,0.0,-0.0,0.0,-0.0,0.0,151405,31256,25,-0.0
NIFTY,^NSEI,25850.0,25150,CE,0DTE,0.35,0.1473,701.38,1.0,0.0,-3.943,0.0,-0.0,3e-05,70000,54523,25,0.0
NIFTY,^NSEI,25850.0,25150,PE,0DTE,0.35,0.1473,0.05,-0.0,0.0,-0.0,0.0,-0.0,0.0,134179,20845,25,-0.0
NIFTY,^NSEI,25850.0,25200,CE,0DTE,0.35,0.1464,651.38,1.0,0.0,-3.952,0.0,-0.0,3e-05,104100,86866,25,0.0
NIFTY,^NSEI,25850.0,25200,PE,0DTE,0.35,0.1464,0.05,-0.0,0.0,-0.0,0.0,-0.0,0.0,182404,57387,25,-0.0
NIFTY,^NSEI,25850.0,25250,CE,0DTE,0.35,0.1455,601.39,1.0,0.0,-3.961,0.0,-2e-05,3e-05,231494,102003,25,0.0
NIFTY,^NSEI,25850.0,25250,PE,0DTE,0.35,0.1455,0.05,-0.0,0.0,-0.0,0.0,-2e-05,0.0,531359,267079,25,-0.0
NIFTY,^NSEI,25850.0,25300,CE,0DTE,0.35,0.1446,551.39,1.0,0.0,-3.971,0.0,-0.00012,5e-05,38149,13631,25,0.0
NIFTY,^NSEI,25850.0,25300,PE,0DTE,0.35,0.1446,0.05,-0.0,0.0,-0.001,0.0,-0.00012,3e-05,64556,47750,25,-0.0
NIFTY,^NSEI,25850.0,25350,CE,0DTE,0.35,0.1438,501.39,1.0,0.0,-3.984,0.0,-0.00076,0.00018,56906,22666,25,0.0
NIFTY,^NSEI,25850.0,25350,PE,0DTE,0.35,0.1438,0.05,-0.0,0.0,-0.004,0.0,-0.00076,0.00015,92090,23232,25,-0.0
NIFTY,^NSEI,25850.0,25400,CE,0DTE,0.35,0.1429,451.4,1.0,1e-06,-4.012,0.001,-0.00398,0.00083,113993,17529,25,1.904
NIFTY,^NSEI,25850.0,25400,PE,0DTE,0.35,0.1429,0.05,-0.0,1e-06,-0.023,0.001,-0.00398,0.00081,184578,45723,25,-3.083
NIFTY,^NSEI,25850.0,25450,CE,0DTE,0.35,0.142,401.4,0.9998,6e-06,-4.111,0.006,-0.01761,0.00357,98078,82981,25,9.831
NIFTY,^NSEI,25850.0,25450,PE,0DTE,0.35,0.142,0.05,-0.0002,6e-06,-0.113,0.006,-0.01761,0.00355,216810,172638,25,-21.732
NIFTY,^NSEI,25850.0,25500,CE,0DTE,0.35,0.1411,351.43,0.9991,2.6e-05,-4.477,0.023,-0.0651,0.01305,235937,97348,25,102.478
NIFTY,^NSEI,25850.0,25500,PE,0DTE,0.35,0.1411,0.05,-0.0009,2.6e-05,-0.47,0.023,-0.0651,0.01302,520571,326207,25,-226.107
NIFTY,^NSEI,25850.0,25550,CE,0DTE,0.35,0.1402,301.52,0.9966,9.2e-05,-5.661,0.083,-0.19898,0.03952,69588,32503,25,106.951
NIFTY,^NSEI,25850.0,25550,PE,0DTE,0.35,0.1402,0.12,-0.0034,9.2e-05,-1.644,0.083,-0.19898,0.03949,163274,91014,25,-250.938
NIFTY,^NSEI,25850.0,25600,CE,0DTE,0.35,0.1394,251.86,0.9883,0.000274,-8.848,0.245,-0.49607,0.09768,17846,13296,25,81.687
NIFTY,^NSEI,25850.0,25600,PE,0DTE,0.35,0.1394,0.45,-0.0117,0.000274,-4.822,0.245,-0.49607,0.09765,46467,28109,25,-212.695
NIFTY,^NSEI,25850.0,25650,CE,0DTE,0.35,0.1385,202.9,0.9661,0.000679,-15.821,0.603,-0.99053,0.19323,82182,43455,25,932.197
NIFTY,^NSEI,25850.0,25650,PE,0DTE,0.35,0.1385,1.48,-0.0339,0.000679,-11.786,0.603,-0.99053,0.1932,171778,140192,25,-1948.491
NIFTY,^NSEI,25850.0,25700,CE,0DTE,0.35,0.1376,155.64,0.9163,0.001396,-27.905,1.231,-1.53828,0.29676,87781,34121,25,2047.138
NIFTY,^NSEI,25850.0,25700,PE,0DTE,0.35,0.1376,4.22,-0.0837,0.001396,-23.861,1.231,-1.53828,0.29673,159143,24405,25,-3711.368
NIFTY,^NSEI,25850.0,25750,CE,0DTE,0.35,0.1367,111.83,0.8239,0.002364,-43.797,2.071,-1.75276,0.33279,358089,60260,25,14141.633
NIFTY,^NSEI,25850.0,25750,PE,0DTE,0.35,0.1367,10.41,-0.1761,0.002364,-39.744,2.071,-1.75276,0.33277,691598,159249,25,-27312.553
NIFTY,^NSEI,25850.0,25800,CE,0DTE,0.35,0.1359,73.82,0.6827,0.003276,-58.129,2.852,-1.23562,0.22651,56344,27213,25,3083.562
NIFTY,^NSEI,25850.0,25800,PE,0DTE,0.35,0.1359,22.4,-0.3173,0.003276,-54.066,2.852,-1.23562,0.22649,114238,82502,25,-6251.951
NIFTY,^NSEI,25850.0,25850,CE,0DTE,0.35,0.135,43.83,0.5061,0.003691,-63.633,3.193,-0.0328,-0.00869,90356,14422,25,5571.372
NIFTY,^NSEI,25850.0,25850,PE,0DTE,0.35,0.135,42.4,-0.4939,0.003691,-59.561,3.193,-0.0328,-0.00872,76289,35020,25,-4703.997
NIFTY,^NSEI,25850.0,25900,CE,0DTE,0.35,0.1341,22.89,0.3264,0.003358,-56.626,2.886,1.22046,-0.24752,141173,97585,25,7919.421
NIFTY,^NSEI,25850.0,25900,PE,0DTE,0.35,0.1341,71.47,-0.6736,0.003358,-52.545,2.886,1.22046,-0.24755,71128,21831,25,-3990.087
NIFTY,^NSEI,25850.0,25950,CE,0DTE,0.35,0.1333,10.3,0.1787,0.002449,-40.535,2.091,1.81198,-0.35492,239447,151198,25,9796.237
NIFTY,^NSEI,25850.0,25950,PE,0DTE,0.35,0.1333,108.87,-0.8213,0.002449,-36.444,2.091,1.81198,-0.35495,136904,46870,25,-5601.006
NIFTY,^NSEI,25850.0,26000,CE,0DTE,0.35,0.1324,3.92,0.0814,0.001421,-23.132,1.206,1.59249,-0.30698,311687,239226,25,7399.014
NIFTY,^NSEI,25850.0,26000,PE,0DTE,0.35,0.1324,152.48,-0.9186,0.001421,-19.033,1.206,1.59249,-0.30701,136996,102787,25,-3252.094
NIFTY,^NSEI,25850.0,26050,CE,0DTE,0.35,0.1315,1.23,0.0303,0.000651,-10.435,0.549,0.98043,-0.18687,131328,28466,25,1428.234
NIFTY,^NSEI,25850.0,26050,PE,0DTE,0.35,0.1315,199.8,-0.9697,0.000651,-6.326,0.549,0.98043,-0.1869,79609,26112,25,-865.773
NIFTY,^NSEI,25850.0,26100,CE,0DTE,0.35,0.1307,0.32,0.0091,0.000234,-3.69,0.196,0.44297,-0.08364,195230,46818,25,763.174
NIFTY,^NSEI,25850.0,26100,PE,0DTE,0.35,0.1307,248.88,-0.9909,0.000234,0.428,0.196,0.44297,-0.08366,126252,89463,25,-493.532
NIFTY,^NSEI,25850.0,26150,CE,0DTE,0.35,0.1298,0.07,0.0022,6.5e-05,-1.014,0.054,0.14922,-0.02794,40183,24060,25,43.633
NIFTY,^NSEI,25850.0,26150,PE,0DTE,0.35,0.1298,298.62,-0.9978,6.5e-05,3.113,0.054,0.14922,-0.02796,18902,15884,25,-20.525
NIFTY,^NSEI,25850.0,26200,CE,0DTE,0.35,0.1289,0.05,0.0004,1.4e-05,-0.215,0.012,0.03764,-0.00699,210305,177583,25,49.186
NIFTY,^NSEI,25850.0,26200,PE,0DTE,0.35,0.1289,348.56,-0.9996,1.4e-05,3.922,0.012,0.03764,-0.00702,100613,79539,25,-23.531
NIFTY,^NSEI,25850.0,26250,CE,0DTE,0.35,0.1281,0.05,0.0001,2e-06,-0.035,0.002,0.0071,-0.00131,244472,53518,25,8.168
NIFTY,^NSEI,25850.0,26250,PE,0DTE,0.35,0.1281,398.55,-0.9999,2e-06,4.111,0.002,0.0071,-0.00134,136486,94010,25,-4.56
NIFTY,^NSEI,25850.0,26300,CE,0DTE,0.35,0.1272,0.05,0.0,0.0,-0.004,0.0,0.001,-0.00018,42825,34188,25,0.0
NIFTY,^NSEI,25850.0,26300,PE,0DTE,0.35,0.1272,448.55,-1.0,0.0,4.151,0.0,0.001,-0.00021,25589,17782,25,-0.0
NIFTY,^NSEI,25850.0,26350,CE,0DTE,0.35,0.1264,0.05,0.0,0.0,-0.0,0.0,0.0001,-2e-05,103013,52849,25,0.0
NIFTY,^NSEI,25850.0,26350,PE,0DTE,0.35,0.1264,498.54,-1.0,0.0,4.164,0.0,0.0001,-5e-05,51546,24169,25,-0.0
NIFTY,^NSEI,25850.0,26400,CE,0DTE,0.35,0.1255,0.05,0.0,0.0,-0.0,0.0,1e-05,-0.0,90180,72223,25,0.0
NIFTY,^NSEI,25850.0,26400,PE,0DTE,0.35,0.1255,548.54,-1.0,0.0,4.174,0.0,1e-05,-3e-05,44260,17540,25,-0.0
NIFTY,^NSEI,25850.0,26450,CE,0DTE,0.35,0.1246,0.05,0.0,0.0,-0.0,0.0,0.0,-0.0,52376,28657,25,0.0
NIFTY,^NSEI,25850.0,26450,PE,0DTE,0.35,0.1246,598.54,-1.0,0.0,4.183,0.0,0.0,-3e-05,27726,7577,25,-0.0
NIFTY,^NSEI,25850.0,26500,CE,0DTE,0.35,0.1238,0.05,0.0,0.0,-0.0,0.0,0.0,-0.0,377617,209949,25,0.0
NIFTY,^NSEI,25850.0,26500,PE,0DTE,0.35,0.1238,648.53,-1.0,0.0,4.192,0.0,0.0,-3e-05,194871,65473,25,-0.0
NIFTY,^NSEI,25850.0,26550,CE,0DTE,0.35,0.1229,0.05,0.0,0.0,-0.0,0.0,0.0,-0.0,232622,128539,25,0.0
NIFTY,^NSEI,25850.0,26550,PE,0DTE,0.35,0.1229,698.53,-1.0,0.0,4.201,0.0,0.0,-3e-05,106486,69411,25,-0.0
NIFTY,^NSEI,25850.0,26600,CE,0DTE,0.35,0.1221,0.05,0.0,0.0,-0.0,0.0,0.0,-0.0,77310,26468,25,0.0
NIFTY,^NSEI,25850.0,26600,PE,0DTE,0.35,0.1221,748.53,-1.0,0.0,4.211,0.0,0.0,-3e-05,47734,25566,25,-0.0
NIFTY,^NSEI,25850.0,26650,CE,0DTE,0.35,0.1212,0.05,0.0,0.0,-0.0,0.0,0.0,-0.0,146128,61958,25,0.0
NIFTY,^NSEI,25850.0,26650,PE,0DTE,0.35,0.1212,798.52,-1.0,0.0,4.22,0.0,0.0,-3e-05,59857,44424,25,-0.0
NIFTY,^NSEI,25850.0,26700,CE,0DTE,0.35,0.1204,0.05,0.0,0.0,-0.0,0.0,0.0,-0.0,144203,28207,25,0.0
NIFTY,^NSEI,25850.0,26700,PE,0DTE,0.35,0.1204,848.52,-1.0,0.0,4.229,0.0,0.0,-3e-05,79251,53277,25,-0.0
NIFTY,^NSEI,25850.0,26750,CE,0DTE,0.35,0.1195,0.05,0.0,0.0,-0.0,0.0,0.0,-0.0,797136,358879,25,0.0
NIFTY,^NSEI,25850.0,26750,PE,0DTE,0.35,0.1195,898.52,-1.0,0.0,4.238,0.0,0.0,-3e-05,345347,142816,25,-0.0
NIFTY,^NSEI,25850.0,26800,CE,0DTE,0.35,0.1187,0.05,0.0,0.0,-0.0,0.0,0.0,-0.0,96751,15667,25,0.0
NIFTY,^NSEI,25850.0,26800,PE,0DTE,0.35,0.1187,948.51,-1.0,0.0,4.248,0.0,0.0,-3e-05,51940,7942,25,-0.0
NIFTY,^NSEI,25850.0,26850,CE,0DTE,0.35,0.1178,0.05,0.0,0.0,-0.0,0.0,0.0,-0.0,154323,41834,25,0.0
NIFTY,^NSEI,25850.0,26850,PE,0DTE,0.35,0.1178,998.51,-1.0,0.0,4.257,0.0,0.0,-3e-05,91743,52539,25,-0.0
NIFTY,^NSEI,25850.0,26900,CE,0DTE,0.35,0.117,0.05,0.0,0.0,-0.0,0.0,0.0,-0.0,139822,62185,25,0.0
NIFTY,^NSEI,25850.0,26900,PE,0DTE,0.35,0.117,1048.51,-1.0,0.0,4.266,0.0,0.0,-3e-05,54842,45400,25,-0.0
NIFTY,^NSEI,25850.0,26950,CE,0DTE,0.35,0.1161,0.05,0.0,0.0,-0.0,0.0,0.0,-0.0,104601,21187,25,0.0
NIFTY,^NSEI,25850.0,26950,PE,0DTE,0.35,0.1161,1098.5,-1.0,0.0,4.275,0.0,0.0,-3e-05,48203,11677,25,-0.0
NIFTY,^NSEI,25850.0,27000,CE,0DTE,0.35,0.1153,0.05,0.0,0.0,-0.0,0.0,0.0,-0.0,285282,168928,25,0.0
NIFTY,^NSEI,25850.0,27000,PE,0DTE,0.35,0.1153,1148.5,-1.0,0.0,4.285,0.0,0.0,-3e-05,124685,64971,25,-0.0
NIFTY,^NSEI,25850.0,27050,CE,0DTE,0.35,0.1144,0.05,0.0,0.0,-0.0,0.0,0.0,-0.0,160467,92163,25,0.0
NIFTY,^NSEI,25850.0,27050,PE,0DTE,0.35,0.1144,1198.5,-1.0,0.0,4.294,0.0,0.0,-3e-05,88882,32393,25,-0.0
NIFTY,^NSEI,25850.0,27100,CE,0DTE,0.35,0.1136,0.05,0.0,0.0,-0.0,0.0,0.0,-0.0,31113,10564,25,0.0
NIFTY,^NSEI,25850.0,27100,PE,0DTE,0.35,0.1136,1248.49,-1.0,0.0,4.303,0.0,0.0,-3e-05,15763,3622,25,-0.0
NIFTY,^NSEI,25850.0,27150,CE,0DTE,0.35,0.1127,0.05,0.0,0.0,-0.0,0.0,0.0,-0.0,39498,31143,25,0.0
NIFTY,^NSEI,25850.0,27150,PE,0DTE,0.35,0.1127,1298.49,-1.0,0.0,4.312,0.0,0.0,-3e-05,19522,16196,25,-0.0
NIFTY,^NSEI,25850.0,27200,CE,0DTE,0.35,0.1119,0.05,0.0,0.0,-0.0,0.0,0.0,-0.0,133825,67944,25,0.0
NIFTY,^NSEI,25850.0,27200,PE,0DTE,0.35,0.1119,1348.49,-1.0,0.0,4.322,0.0,0.0,-3e-05,83622,38782,25,-0.0
NIFTY,^NSEI,25850.0,27250,CE,0DTE,0.35,0.1111,0.05,0.0,0.0,-0.0,0.0,0.0,-0.0,202427,126098,25,0.0
NIFTY,^NSEI,25850.0,27250,PE,0DTE,0.35,0.1111,1398.48,-1.0,0.0,4.331,0.0,0.0,-3e-05,131509,103771,25,-0.0
NIFTY,^NSEI,25850.0,27300,CE,0DTE,0.35,0.1102,0.05,0.0,0.0,-0.0,0.0,0.0,-0.0,55622,26482,25,0.0
NIFTY,^NSEI,25850.0,27300,PE,0DTE,0.35,0.1102,1448.48,-1.0,0.0,4.34,0.0,0.0,-3e-05,34951,7027,25,-0.0
NIFTY,^NSEI,25850.0,27350,CE,0DTE,0.35,0.1094,0.05,0.0,0.0,-0.0,0.0,0.0,-0.0,167178,73406,25,0.0
NIFTY,^NSEI,25850.0,27350,PE,0DTE,0.35,0.1094,1498.48,-1.0,0.0,4.349,0.0,0.0,-3e-05,92156,45823,25,-0.0
NIFTY,^NSEI,25850.0,27400,CE,0DTE,0.35,0.1086,0.05,0.0,0.0,-0.0,0.0,0.0,-0.0,61933,20217,25,0.0
NIFTY,^NSEI,25850.0,27400,PE,0DTE,0.35,0.1086,1548.47,-1.0,0.0,4.359,0.0,0.0,-3e-05,40425,32433,25,-0.0
NIFTY,^NSEI,25850.0,27450,CE,0DTE,0.35,0.1077,0.05,0.0,0.0,-0.0,0.0,0.0,-0.0,191275,141891,25,0.0
NIFTY,^NSEI,25850.0,27450,PE,0DTE,0.35,0.1077,1598.47,-1.0,0.0,4.368,0.0,0.0,-3e-05,88111,61378,25,-0.0
NIFTY,^NSEI,25850.0,27500,CE,0DTE,0.35,0.1069,0.05,0.0,0.0,-0.0,0.0,0.0,-0.0,680941,246707,25,0.0
NIFTY,^NSEI,25850.0,27500,PE,0DTE,0.35,0.1069,1648.47,-1.0,0.0,4.377,0.0,0.0,-3e-05,430991,312994,25,-0.0
NIFTY,^NSEI,25850.0,27550,CE,0DTE,0.35,0.1061,0.05,0.0,0.0,-0.0,0.0,0.0,-0.0,260012,146304,25,0.0
NIFTY,^NSEI,25850.0,27550,PE,0DTE,0.35,0.1061,1698.46,-1.0,0.0,4.386,0.0,0.0,-3e-05,138013,76032,25,-0.0
NIFTY,^NSEI,25850.0,27600,CE,0DTE,0.35,0.1052,0.05,0.0,0.0,-0.0,0.0,0.0,-0.0,191092,72601,25,0.0
NIFTY,^NSEI,25850.0,27600,PE,0DTE,0.35,0.1052,1748.46,-1.0,0.0,4.396,0.0,0.0,-3e-05,128185,92055,25,-0.0
NIFTY,^NSEI,25850.0,24100,CE,WEEKLY,4.0,0.1662,1764.99,0.9999,0.0,-3.751,0.003,-0.00241,8e-05,85948,65525,25,0.0
NIFTY,^NSEI,25850.0,24100,PE,WEEKLY,4.0,0.1662,0.05,-0.0,0.0,-0.005,0.003,-0.00241,5e-05,136506,31864,25,-0.0
NIFTY,^NSEI,25850.0,24150,CE,WEEKLY,4.0,0.1652,1715.03,0.9999,0.0,-3.763,0.004,-0.00351,0.0001,64869,28114,25,0.0
NIFTY,^NSEI,25850.0,24150,PE,WEEKLY,4.0,0.1652,0.05,-0.0,0.0,-0.008,0.004,-0.00351,7e-05,108933,37888,25,-0.0
NIFTY,^NSEI,25850.0,24200,CE,WEEKLY,4.0,0.1643,1665.07,0.9998,0.0,-3.776,0.006,-0.00506,0.00013,21209,17026,25,0.0
NIFTY,^NSEI,25850.0,24200,PE,WEEKLY,4.0,0.1643,0.05,-0.0001,0.0,-0.012,0.006,-0.00506,0.0001,44851,33681,25,-0.0
NIFTY,^NSEI,25850.0,24250,CE,WEEKLY,4.0,0.1634,1615.11,0.9998,1e-06,-3.79,0.009,-0.00725,0.00017,430144,185013,25,7.186
NIFTY,^NSEI,25850.0,24250,PE,WEEKLY,4.0,0.1634,0.05,-0.0001,1e-06,-0.017,0.009,-0.00725,0.00015,696119,527991,25,-11.629
NIFTY,^NSEI,25850.0,24300,CE,WEEKLY,4.0,0.1625,1565.15,0.9998,1e-06,-3.807,0.012,-0.01031,0.00023,18601,9374,25,0.311
NIFTY,^NSEI,25850.0,24300,PE,WEEKLY,4.0,0.1625,0.05,-0.0001,1e-06,-0.025,0.012,-0.01031,0.00021,38114,19421,25,-0.637
NIFTY,^NSEI,25850.0,24350,CE,WEEKLY,4.0,0.1616,1515.19,0.9997,2e-06,-3.827,0.018,-0.01454,0.00032,45863,12217,25,1.532
NIFTY,^NSEI,25850.0,24350,PE,WEEKLY,4.0,0.1616,0.05,-0.0002,2e-06,-0.035,0.018,-0.01454,0.00029,93823,36399,25,-3.135
NIFTY,^NSEI,25850.0,24400,CE,WEEKLY,4.0,0.1607,1465.24,0.9996,2e-06,-3.851,0.026,-0.02035,0.00043,30381,7991,25,1.015
NIFTY,^NSEI,25850.0,24400,PE,WEEKLY,4.0,0.1607,0.05,-0.0003,2e-06,-0.05,0.026,-0.02035,0.0004,54619,35895,25,-1.825
NIFTY,^NSEI,25850.0,24450,CE,WEEKLY,4.0,0.1598,1415.29,0.9995,3e-06,-3.881,0.036,-0.02824,0.00058,55160,21147,25,2.764
NIFTY,^NSEI,25850.0,24450,PE,WEEKLY,4.0,0.1598,0.05,-0.0004,3e-06,-0.071,0.036,-0.02824,0.00055,117075,79022,25,-5.867
NIFTY,^NSEI,25850.0,24500,CE,WEEKLY,4.0,0.1589,1365.35,0.9994,4e-06,-3.919,0.051,-0.03886,0.00078,165155,55503,25,11.036
NIFTY,^NSEI,25850.0,24500,PE,WEEKLY,4.0,0.1589,0.06,-0.0005,4e-06,-0.1,0.051,-0.03886,0.00075,309658,160886,25,-20.692
NIFTY,^NSEI,25850.0,24550,CE,WEEKLY,4.0,0.158,1315.41,0.9991,6e-06,-3.967,0.072,-0.05298,0.00105,78249,49995,25,7.843
NIFTY,^NSEI,25850.0,24550,PE,WEEKLY,4.0,0.158,0.09,-0.0008,6e-06,-0.139,0.072,-0.05298,0.00102,125396,80656,25,-12.569
NIFTY,^NSEI,25850.0,24600,CE,WEEKLY,4.0,0.1571,1265.49,0.9988,9e-06,-4.03,0.1,-0.07156,0.0014,60564,41521,25,9.106
NIFTY,^NSEI,25850.0,24600,PE,WEEKLY,4.0,0.1571,0.13,-0.0011,9e-06,-0.192,0.1,-0.07156,0.00137,94732,30940,25,-14.243
NIFTY,^NSEI,25850.0,24650,CE,WEEKLY,4.0,0.1562,1215.59,0.9983,1.2e-05,-4.11,0.138,-0.09571,0.00185,118848,52297,25,23.825
NIFTY,^NSEI,25850.0,24650,PE,WEEKLY,4.0,0.1562,0.19,-0.0016,1.2e-05,-0.263,0.138,-0.09571,0.00182,202142,148856,25,-40.523
NIFTY,^NSEI,25850.0,24700,CE,WEEKLY,4.0,0.1553,1165.71,0.9977,1.7e-05,-4.213,0.188,-0.12672,0.00242,102560,29101,25,29.126
NIFTY,^NSEI,25850.0,24700,PE,WEEKLY,4.0,0.1553,0.28,-0.0022,1.7e-05,-0.356,0.188,-0.12672,0.00239,264579,43232,25,-75.139
NIFTY,^NSEI,25850.0,24750,CE,WEEKLY,4.0,0.1544,1115.86,0.9968,2.3e-05,-4.345,0.255,-0.166,0.00314,364481,298621,25,140.044
NIFTY,^NSEI,25850.0,24750,PE,WEEKLY,4.0,0.1544,0.39,-0.0031,2.3e-05,-0.479,0.255,-0.166,0.00311,691200,352989,25,-265.578
NIFTY,^NSEI,25850.0,24800,CE,WEEKLY,4.0,0.1535,1066.07,0.9956,3e-05,-4.514,0.342,-0.21507,0.00403,108052,38106,25,54.152
NIFTY,^NSEI,25850.0,24800,PE,WEEKLY,4.0,0.1535,0.56,-0.0043,3e-05,-0.639,0.342,-0.21507,0.004,219907,125639,25,-110.21
NIFTY,^NSEI,25850.0,24850,CE,WEEKLY,4.0,0.1526,1016.33,0.994,4.1e-05,-4.728,0.455,-0.27544,0.00512,143743,60473,25,98.454
NIFTY,^NSEI,25850.0,24850,PE,WEEKLY,4.0,0.1526,0.79,-0.0059,4.1e-05,-0.844,0.455,-0.27544,0.00509,224476,174581,25,-153.75
NIFTY,^NSEI,25850.0,24900,CE,WEEKLY,4.0,0.1517,966.69,0.9918,5.4e-05,-4.996,0.599,-0.34853,0.00642,22923,11112,25,20.679
NIFTY,^NSEI,25850.0,24900,PE,WEEKLY,4.0,0.1517,1.11,-0.0081,5.4e-05,-1.103,0.599,-0.34853,0.00639,48118,37777,25,-43.407
NIFTY,^NSEI,25850.0,24950,CE,WEEKLY,4.0,0.1508,917.15,0.9889,7.1e-05,-5.33,0.781,-0.43545,0.00795,85910,35069,25,101.897
NIFTY,^NSEI,25850.0,24950,PE,WEEKLY,4.0,0.1508,1.54,-0.011,7.1e-05,-1.428,0.781,-0.43545,0.00792,163860,106277,25,-194.354
NIFTY,^NSEI,25850.0,25000,CE,WEEKLY,4.0,0.15,867.78,0.9852,9.2e-05,-5.74,1.008,-0.53687,0.00972,474552,187351,25,729.345
NIFTY,^NSEI,25850.0,25000,PE,WEEKLY,4.0,0.15,2.12,-0.0147,9.2e-05,-1.829,1.008,-0.53687,0.00969,695157,207457,25,-1068.395
NIFTY,^NSEI,25850.0,25050,CE,WEEKLY,4.0,0.1491,818.6,0.9803,0.000118,-6.238,1.286,-0.65272,0.01171,71013,44249,25,139.985
NIFTY,^NSEI,25850.0,25050,PE,WEEKLY,4.0,0.1491,2.91,-0.0196,0.000118,-2.317,1.286,-0.65272,0.01168,144897,121123,25,-285.629
NIFTY,^NSEI,25850.0,25100,CE,WEEKLY,4.0,0.1482,769.67,0.9741,0.00015,-6.832,1.624,-0.78194,0.0139,78094,49053,25,195.691
NIFTY,^NSEI,25850.0,25100,PE,WEEKLY,4.0,0.1482,3.95,-0.0258,0.00015,-2.902,1.624,-0.78194,0.01387,171647,46992,25,-430.119
NIFTY,^NSEI,25850.0,25150,CE,WEEKLY,4.0,0.1473,721.08,0.9662,0.000188,-7.533,2.027,-0.9222,0.01624,65468,39137,25,205.612
NIFTY,^NSEI,25850.0,25150,PE,WEEKLY,4.0,0.1473,5.32,-0.0337,0.000188,-3.594,2.027,-0.9222,0.01621,151569,66683,25,-476.025
NIFTY,^NSEI,25850.0,25200,CE,WEEKLY,4.0,0.1464,672.91,0.9563,0.000233,-8.346,2.5,-1.06968,0.01865,64926,28753,25,252.718
NIFTY,^NSEI,25850.0,25200,PE,WEEKLY,4.0,0.1464,7.1,-0.0436,0.000233,-4.397,2.5,-1.06968,0.01863,143098,58115,25,-556.994
NIFTY,^NSEI,25850.0,25250,CE,WEEKLY,4.0,0.1455,625.25,0.944,0.000286,-9.271,3.047,-1.21885,0.02103,378342,303288,25,1807.639
NIFTY,^NSEI,25850.0,25250,PE,WEEKLY,4.0,0.1455,9.41,-0.0559,0.000286,-5.314,3.047,-1.21885,0.02101,837600,323184,25,-4001.878
NIFTY,^NSEI,25850.0,25300,CE,WEEKLY,4.0,0.1446,578.24,0.929,0.000346,-10.306,3.667,-1.36246,0.02325,91728,36311,25,530.199
NIFTY,^NSEI,25850.0,25300,PE,WEEKLY,4.0,0.1446,12.36,-0.0708,0.000346,-6.339,3.667,-1.36246,0.02322,125615,56122,25,-726.07
NIFTY,^NSEI,25850.0,25350,CE,WEEKLY,4.0,0.1438,532.02,0.9109,0.000414,-11.439,4.356,-1.49161,0.02514,130177,59424,25,900.318
NIFTY,^NSEI,25850.0,25350,PE,WEEKLY,4.0,0.1438,16.1,-0.0889,0.000414,-7.462,4.356,-1.49161,0.02512,203187,117732,25,-1405.262
NIFTY,^NSEI,25850.0,25400,CE,WEEKLY,4.0,0.1429,486.74,0.8894,0.000488,-12.65,5.105,-1.5961,0.02654,20256,17108,25,165.133
NIFTY,^NSEI,25850.0,25400,PE,WEEKLY,4.0,0.1429,20.79,-0.1105,0.000488,-8.664,5.105,-1.5961,0.02652,48809,13854,25,-397.906
NIFTY,^NSEI,25850.0,25450,CE,WEEKLY,4.0,0.142,442.58,0.864,0.000568,-13.912,5.902,-1.66493,0.02726,129570,71554,25,1229.459
NIFTY,^NSEI,25850.0,25450,PE,WEEKLY,4.0,0.142,26.6,-0.1359,0.000568,-9.917,5.902,-1.66493,0.02724,253308,60188,25,-2403.579
NIFTY,^NSEI,25850.0,25500,CE,WEEKLY,4.0,0.1411,399.75,0.8346,0.000651,-15.188,6.725,-1.68716,0.02713,384088,247198,25,4177.08
NIFTY,^NSEI,25850.0,25500,PE,WEEKLY,4.0,0.1411,33.72,-0.1653,0.000651,-11.184,6.725,-1.68716,0.02711,510817,168625,25,-5555.299
NIFTY,^NSEI,25850.0,25550,CE,WEEKLY,4.0,0.1402,358.43,0.801,0.000735,-16.433,7.551,-1.65286,0.026,106757,90322,25,1310.825
NIFTY,^NSEI,25850.0,25550,PE,WEEKLY,4.0,0.1402,42.37,-0.1989,0.000735,-12.42,7.551,-1.65286,0.02598,184520,47541,25,-2265.645
NIFTY,^NSEI,25850.0,25600,CE,WEEKLY,4.0,0.1394,318.86,0.7631,0.000818,-17.595,8.35,-1.55432,0.02377,25248,8338,25,345.018
NIFTY,^NSEI,25850.0,25600,PE,WEEKLY,4.0,0.1394,52.76,-0.2368,0.000818,-13.573,8.35,-1.55432,0.02374,39760,19066,25,-543.326
NIFTY,^NSEI,25850.0,25650,CE,WEEKLY,4.0,0.1385,281.23,0.7211,0.000896,-18.619,9.089,-1.38714,0.02038,68460,21045,25,1024.722
NIFTY,^NSEI,25850.0,25650,PE,WEEKLY,4.0,0.1385,65.1,-0.2788,0.000896,-14.587,9.089,-1.38714,0.02036,92004,50288,25,-1377.133
NIFTY,^NSEI,25850.0,25700,CE,WEEKLY,4.0,0.1376,245.75,0.6753,0.000966,-19.448,9.734,-1.15133,0.01589,85258,33028,25,1375.857
NIFTY,^NSEI,25850.0,25700,PE,WEEKLY,4.0,0.1376,79.58,-0.3246,0.000966,-15.407,9.734,-1.15133,0.01586,130184,41668,25,-2100.854
NIFTY,^NSEI,25850.0,25750,CE,WEEKLY,4.0,0.1367,212.62,0.6262,0.001024,-20.03,10.249,-0.85207,0.01041,142754,62756,25,2442.021
NIFTY,^NSEI,25850.0,25750,PE,WEEKLY,4.0,0.1367,96.41,-0.3737,0.001024,-15.98,10.249,-0.85207,0.01039,294778,74741,25,-5042.619
NIFTY,^NSEI,25850.0,25800,CE,WEEKLY,4.0,0.1359,181.98,0.5743,0.001066,-20.319,10.606,-0.49994,0.00417,31115,13762,25,554.1
NIFTY,^NSEI,25850.0,25800,PE,WEEKLY,4.0,0.1359,115.73,-0.4256,0.001066,-16.259,10.606,-0.49994,0.00414,57367,26084,25,-1021.599
NIFTY,^NSEI,25850.0,25850,CE,WEEKLY,4.0,0.135,153.97,0.5205,0.00109,-20.283,10.78,-0.11072,-0.00256,63883,40162,25,1163.25
NIFTY,^NSEI,25850.0,25850,PE,WEEKLY,4.0,0.135,137.68,-0.4793,0.00109,-16.214,10.78,-0.11072,-0.00259,57608,11401,25,-1048.988
NIFTY,^NSEI,25850.0,25900,CE,WEEKLY,4.0,0.1341,128.66,0.4658,0.001095,-19.905,10.755,0.2956,-0.0094,252342,68854,25,4615.989
NIFTY,^NSEI,25850.0,25900,PE,WEEKLY,4.0,0.1341,162.34,-0.5341,0.001095,-15.827,10.755,0.2956,-0.00943,133220,86096,25,-2436.939
NIFTY,^NSEI,25850.0,25950,CE,WEEKLY,4.0,0.1333,106.11,0.4111,0.001079,-19.188,10.526,0.69634,-0.01598,113688,81678,25,2049.261
NIFTY,^NSEI,25850.0,25950,PE,WEEKLY,4.0,0.1333,189.75,-0.5888,0.001079,-15.101,10.526,0.69634,-0.01601,74671,55560,25,-1345.967
NIFTY,^NSEI,25850.0,26000,CE,WEEKLY,4.0,0.1324,86.28,0.3575,0.001042,-18.152,10.099,1.06811,-0.02191,775830,494588,25,13505.025
NIFTY,^NSEI,25850.0,26000,PE,WEEKLY,4.0,0.1324,219.89,-0.6424,0.001042,-14.056,10.099,1.06811,-0.02194,403195,81599,25,-7018.494
NIFTY,^NSEI,25850.0,26050,CE,WEEKLY,4.0,0.1315,69.11,0.306,0.000986,-16.839,9.492,1.38911,-0.02684,184723,60411,25,3042.699
NIFTY,^NSEI,25850.0,26050,PE,WEEKLY,4.0,0.1315,252.68,-0.6939,0.000986,-12.734,9.492,1.38911,-0.02687,83688,18340,25,-1378.482
NIFTY,^NSEI,25850.0,26100,CE,WEEKLY,4.0,0.1307,54.49,0.2576,0.000913,-15.305,8.735,1.64135,-0.03052,119490,80160,25,1822.483
NIFTY,^NSEI,25850.0,26100,PE,WEEKLY,4.0,0.1307,288.02,-0.7423,0.000913,-11.19,8.735,1.64135,-0.03055,50803,24196,25,-774.856
NIFTY,^NSEI,25850.0,26150,CE,WEEKLY,4.0,0.1298,42.24,0.213,0.000827,-13.618,7.863,1.81248,-0.03277,102233,72323,25,1412.4
NIFTY,^NSEI,25850.0,26150,PE,WEEKLY,4.0,0.1298,325.73,-0.7869,0.000827,-9.494,7.863,1.81248,-0.0328,47098,13306,25,-650.682
NIFTY,^NSEI,25850.0,26200,CE,WEEKLY,4.0,0.1289,32.16,0.1728,0.000733,-11.851,6.92,1.89704,-0.03355,173547,42582,25,2125.114
NIFTY,^NSEI,25850.0,26200,PE,WEEKLY,4.0,0.1289,365.62,-0.8271,0.000733,-7.718,6.92,1.89704,-0.03358,100847,34102,25,-1234.889
NIFTY,^NSEI,25850.0,26250,CE,WEEKLY,4.0,0.1281,24.04,0.1375,0.000634,-10.08,5.949,1.8968,-0.03295,418586,286312,25,4433.381
NIFTY,^NSEI,25850.0,26250,PE,WEEKLY,4.0,0.1281,407.46,-0.8624,0.000634,-5.937,5.949,1.8968,-0.03297,187756,122907,25,-1988.585
NIFTY,^NSEI,25850.0,26300,CE,WEEKLY,4.0,0.1272,17.61,0.1071,0.000536,-8.371,4.992,1.82025,-0.03112,127891,74287,25,1145.159
NIFTY,^NSEI,25850.0,26300,PE,WEEKLY,4.0,0.1272,450.99,-0.8928,0.000536,-4.219,4.992,1.82025,-0.03115,64394,43986,25,-576.596
NIFTY,^NSEI,25850.0,26350,CE,WEEKLY,4.0,0.1264,12.63,0.0816,0.000441,-6.782,4.085,1.6813,-0.02835,185303,82833,25,1365.156
NIFTY,^NSEI,25850.0,26350,PE,WEEKLY,4.0,0.1264,495.98,-0.9183,0.000441,-2.62,4.085,1.6813,-0.02838,127453,83804,25,-938.966
NIFTY,^NSEI,25850.0,26400,CE,WEEKLY,4.0,0.1255,8.87,0.0608,0.000354,-5.355,3.257,1.49733,-0.02493,49233,18773,25,291.153
NIFTY,^NSEI,25850.0,26400,PE,WEEKLY,4.0,0.1255,542.18,-0.9391,0.000354,-1.185,3.257,1.49733,-0.02496,29447,21013,25,-174.143
NIFTY,^NSEI,25850.0,26450,CE,WEEKLY,4.0,0.1246,6.08,0.0442,0.000277,-4.118,2.528,1.28702,-0.02118,43049,20073,25,199.207
NIFTY,^NSEI,25850.0,26450,PE,WEEKLY,4.0,0.1246,589.36,-0.9557,0.000277,0.062,2.528,1.28702,-0.02121,26040,6378,25,-120.499
NIFTY,^NSEI,25850.0,26500,CE,WEEKLY,4.0,0.1238,4.07,0.0313,0.000211,-3.081,1.909,1.06826,-0.01739,774942,465221,25,2731.573
NIFTY,^NSEI,25850.0,26500,PE,WEEKLY,4.0,0.1238,637.31,-0.9686,0.000211,1.108,1.909,1.06826,-0.01741,372267,275678,25,-1312.194
NIFTY,^NSEI,25850.0,26550,CE,WEEKLY,4.0,0.1229,2.66,0.0216,0.000156,-2.24,1.401,0.85636,-0.01379,74279,30272,25,193.576
NIFTY,^NSEI,25850.0,26550,PE,WEEKLY,4.0,0.1229,685.86,-0.9783,0.000156,1.958,1.401,0.85636,-0.01382,47957,13101,25,-124.979
NIFTY,^NSEI,25850.0,26600,CE,WEEKLY,4.0,0.1221,1.69,0.0145,0.000112,-1.581,0.998,0.66293,-0.01057,124222,55321,25,232.422
NIFTY,^NSEI,25850.0,26600,PE,WEEKLY,4.0,0.1221,734.85,-0.9854,0.000112,2.626,0.998,0.66293,-0.0106,59140,21429,25,-110.652
NIFTY,^NSEI,25850.0,26650,CE,WEEKLY,4.0,0.1212,1.04,0.0095,7.8e-05,-1.082,0.689,0.49542,-0.00782,213964,152812,25,278.802
NIFTY,^NSEI,25850.0,26650,PE,WEEKLY,4.0,0.1212,784.17,-0.9904,7.8e-05,3.134,0.689,0.49542,-0.00785,100109,18439,25,-130.445
NIFTY,^NSEI,25850.0,26700,CE,WEEKLY,4.0,0.1204,0.63,0.006,5.2e-05,-0.718,0.461,0.35724,-0.00559,83186,26378,25,72.263
NIFTY,^NSEI,25850.0,26700,PE,WEEKLY,4.0,0.1204,833.72,-0.9939,5.2e-05,3.508,0.461,0.35724,-0.00562,59535,38887,25,-51.717
NIFTY,^NSEI,25850.0,26750,CE,WEEKLY,4.0,0.1195,0.37,0.0037,3.4e-05,-0.461,0.299,0.2484,-0.00385,600718,373564,25,341.201
NIFTY,^NSEI,25850.0,26750,PE,WEEKLY,4.0,0.1195,883.42,-0.9962,3.4e-05,3.774,0.299,0.2484,-0.00388,361257,216801,25,-205.19
NIFTY,^NSEI,25850.0,26800,CE,WEEKLY,4.0,0.1187,0.21,0.0022,2.1e-05,-0.286,0.187,0.16643,-0.00256,133673,32291,25,46.895
NIFTY,^NSEI,25850.0,26800,PE,WEEKLY,4.0,0.1187,933.22,-0.9977,2.1e-05,3.958,0.187,0.16643,-0.00258,81130,68093,25,-28.462
NIFTY,^NSEI,25850.0,26850,CE,WEEKLY,4.0,0.1178,0.11,0.0013,1.3e-05,-0.171,0.113,0.10735,-0.00163,67876,10915,25,14.741
NIFTY,^NSEI,25850.0,26850,PE,WEEKLY,4.0,0.1178,983.09,-0.9986,1.3e-05,4.082,0.113,0.10735,-0.00166,46316,27792,25,-10.059
NIFTY,^NSEI,25850.0,26900,CE,WEEKLY,4.0,0.117,0.06,0.0007,8e-06,-0.099,0.066,0.0666,-0.00101,86109,51613,25,11.508
NIFTY,^NSEI,25850.0,26900,PE,WEEKLY,4.0,0.117,1033.0,-0.9992,8e-06,4.164,0.066,0.0666,-0.00103,58830,21621,25,-7.862
NIFTY,^NSEI,25850.0,26950,CE,WEEKLY,4.0,0.1161,0.05,0.0004,4e-06,-0.055,0.037,0.0397,-0.00059,108240,70484,25,7.233
NIFTY,^NSEI,25850.0,26950,PE,WEEKLY,4.0,0.1161,1082.93,-0.9995,4e-06,4.217,0.037,0.0397,-0.00062,53956,9371,25,-3.605
NIFTY,^NSEI,25850.0,27000,CE,WEEKLY,4.0,0.1153,0.05,0.0002,2e-06,-0.029,0.02,0.02271,-0.00034,553089,245950,25,18.479
NIFTY,^NSEI,25850.0,27000,PE,WEEKLY,4.0,0.1153,1132.88,-0.9997,2e-06,4.252,0.02,0.02271,-0.00036,251174,107148,25,-8.392
NIFTY,^NSEI,25850.0,27050,CE,WEEKLY,4.0,0.1144,0.05,0.0001,1e-06,-0.015,0.01,0.01246,-0.00018,191194,158982,25,3.194
NIFTY,^NSEI,25850.0,27050,PE,WEEKLY,4.0,0.1144,1182.84,-0.9998,1e-06,4.275,0.01,0.01246,-0.00021,95055,52945,25,-1.588
NIFTY,^NSEI,25850.0,27100,CE,WEEKLY,4.0,0.1136,0.05,0.0,1e-06,-0.007,0.005,0.00654,-0.0001,150844,86166,25,2.52
NIFTY,^NSEI,25850.0,27100,PE,WEEKLY,4.0,0.1136,1232.8,-0.9998,1e-06,4.292,0.005,0.00654,-0.00012,87697,63713,25,-1.465
NIFTY,^NSEI,25850.0,27150,CE,WEEKLY,4.0,0.1127,0.05,0.0,0.0,-0.004,0.002,0.00328,-5e-05,75736,22587,25,0.0
NIFTY,^NSEI,25850.0,27150,PE,WEEKLY,4.0,0.1127,1282.76,-0.9999,0.0,4.306,0.002,0.00328,-7e-05,37992,6780,25,-0.0
NIFTY,^NSEI,25850.0,27200,CE,WEEKLY,4.0,0.1119,0.05,0.0,0.0,-0.002,0.001,0.00157,-2e-05,228416,120616,25,0.0
NIFTY,^NSEI,25850.0,27200,PE,WEEKLY,4.0,0.1119,1332.72,-0.9999,0.0,4.317,0.001,0.00157,-5e-05,124924,105586,25,-0.0
NIFTY,^NSEI,25850.0,27250,CE,WEEKLY,4.0,0.1111,0.05,0.0,0.0,-0.001,0.0,0.00072,-1e-05,688737,321434,25,0.0
NIFTY,^NSEI,25850.0,27250,PE,WEEKLY,4.0,0.1111,1382.68,-0.9999,0.0,4.327,0.0,0.00072,-4e-05,391254,158711,25,-0.0
NIFTY,^NSEI,25850.0,27300,CE,WEEKLY,4.0,0.1102,0.05,0.0,0.0,-0.0,0.0,0.00031,-0.0,201378,111527,25,0.0
NIFTY,^NSEI,25850.0,27300,PE,WEEKLY,4.0,0.1102,1432.65,-0.9999,0.0,4.336,0.0,0.00031,-3e-05,114365,19106,25,-0.0
NIFTY,^NSEI,25850.0,27350,CE,WEEKLY,4.0,0.1094,0.05,0.0,0.0,-0.0,0.0,0.00013,-0.0,137028,55392,25,0.0
NIFTY,^NSEI,25850.0,27350,PE,WEEKLY,4.0,0.1094,1482.61,-0.9999,0.0,4.346,0.0,0.00013,-3e-05,65568,45583,25,-0.0
NIFTY,^NSEI,25850.0,27400,CE,WEEKLY,4.0,0.1086,0.05,0.0,0.0,-0.0,0.0,5e-05,-0.0,157285,131380,25,0.0
NIFTY,^NSEI,25850.0,27400,PE,WEEKLY,4.0,0.1086,1532.57,-0.9999,0.0,4.355,0.0,5e-05,-3e-05,109141,53236,25,-0.0
NIFTY,^NSEI,25850.0,27450,CE,WEEKLY,4.0,0.1077,0.05,0.0,0.0,-0.0,0.0,2e-05,-0.0,198945,147353,25,0.0
NIFTY,^NSEI,25850.0,27450,PE,WEEKLY,4.0,0.1077,1582.53,-0.9999,0.0,4.364,0.0,2e-05,-3e-05,130918,46358,25,-0.0
NIFTY,^NSEI,25850.0,27500,CE,WEEKLY,4.0,0.1069,0.05,0.0,0.0,-0.0,0.0,1e-05,-0.0,446387,252778,25,0.0
NIFTY,^NSEI,25850.0,27500,PE,WEEKLY,4.0,0.1069,1632.5,-0.9999,0.0,4.374,0.0,1e-05,-3e-05,243868,114141,25,-0.0
NIFTY,^NSEI,25850.0,27550,CE,WEEKLY,4.0,0.1061,0.05,0.0,0.0,-0.0,0.0,0.0,-0.0,257802,87649,25,0.0
NIFTY,^NSEI,25850.0,27550,PE,WEEKLY,4.0,0.1061,1682.46,-0.9999,0.0,4.383,0.0,0.0,-3e-05,134283,46602,25,-0.0
NIFTY,^NSEI,25850.0,27600,CE,WEEKLY,4.0,0.1052,0.05,0.0,0.0,-0.0,0.0,0.0,-0.0,39341,11469,25,0.0
NIFTY,^NSEI,25850.0,27600,PE,WEEKLY,4.0,0.1052,1732.42,-0.9999,0.0,4.392,0.0,0.0,-3e-05,28690,23405,25,-0.0
NIFTY,^NSEI,25850.0,24100,CE,NEXT_WEEK,11.0,0.1662,1792.67,0.9936,2.3e-05,-4.301,0.777,-0.25802,0.00188,105323,84331,25,40.468
NIFTY,^NSEI,25850.0,24100,PE,NEXT_WEEK,11.0,0.1662,1.48,-0.0061,2.3e-05,-0.562,0.777,-0.25802,0.00185,206620,112233,25,-79.389
NIFTY,^NSEI,25850.0,24150,CE,NEXT_WEEK,11.0,0.1652,1743.06,0.9925,2.7e-05,-4.394,0.898,-0.29288,0.00212,21737,14813,25,9.804
NIFTY,^NSEI,25850.0,24150,PE,NEXT_WEEK,11.0,0.1652,1.77,-0.0072,2.7e-05,-0.645,0.898,-0.29288,0.00209,47167,8387,25,-21.275
NIFTY,^NSEI,25850.0,24200,CE,NEXT_WEEK,11.0,0.1643,1693.49,0.9912,3.1e-05,-4.497,1.036,-0.33145,0.00238,64019,35360,25,33.154
NIFTY,^NSEI,25850.0,24200,PE,NEXT_WEEK,11.0,0.1643,2.1,-0.0085,3.1e-05,-0.739,1.036,-0.33145,0.00235,114419,85496,25,-59.254
NIFTY,^NSEI,25850.0,24250,CE,NEXT_WEEK,11.0,0.1634,1643.99,0.9897,3.6e-05,-4.613,1.193,-0.37394,0.00266,199357,91747,25,119.893
NIFTY,^NSEI,25850.0,24250,PE,NEXT_WEEK,11.0,0.1634,2.5,-0.01,3.6e-05,-0.845,1.193,-0.37394,0.00263,384621,206887,25,-231.311
NIFTY,^NSEI,25850.0,24300,CE,NEXT_WEEK,11.0,0.1625,1594.56,0.988,4.2e-05,-4.74,1.37,-0.42051,0.00296,49263,27388,25,34.565
NIFTY,^NSEI,25850.0,24300,PE,NEXT_WEEK,11.0,0.1625,2.96,-0.0117,4.2e-05,-0.964,1.37,-0.42051,0.00294,100219,31704,25,-70.317
NIFTY,^NSEI,25850.0,24350,CE,NEXT_WEEK,11.0,0.1616,1545.21,0.986,4.8e-05,-4.882,1.569,-0.47128,0.00329,54213,19592,25,43.472
NIFTY,^NSEI,25850.0,24350,PE,NEXT_WEEK,11.0,0.1616,3.51,-0.0137,4.8e-05,-1.096,1.569,-0.47128,0.00327,130910,79144,25,-104.972
NIFTY,^NSEI,25850.0,24400,CE,NEXT_WEEK,11.0,0.1607,1495.95,0.9837,5.5e-05,-5.039,1.793,-0.52633,0.00365,138752,106722,25,127.486
NIFTY,^NSEI,25850.0,24400,PE,NEXT_WEEK,11.0,0.1607,4.15,-0.016,5.5e-05,-1.244,1.793,-0.52633,0.00362,233101,78443,25,-214.175
NIFTY,^NSEI,25850.0,24450,CE,NEXT_WEEK,11.0,0.1598,1446.8,0.9811,6.3e-05,-5.212,2.043,-0.58565,0.00402,133486,35459,25,140.487
NIFTY,^NSEI,25850.0,24450,PE,NEXT_WEEK,11.0,0.1598,4.9,-0.0186,6.3e-05,-1.408,2.043,-0.58565,0.004,195820,37064,25,-206.091
NIFTY,^NSEI,25850.0,24500,CE,NEXT_WEEK,11.0,0.1589,1397.77,0.9781,7.3e-05,-5.402,2.322,-0.64916,0.00442,363864,210151,25,443.734
NIFTY,^NSEI,25850.0,24500,PE,NEXT_WEEK,11.0,0.1589,5.78,-0.0216,7.3e-05,-1.588,2.322,-0.64916,0.00439,647045,474526,25,-789.075
NIFTY,^NSEI,25850.0,24550,CE,NEXT_WEEK,11.0,0.158,1348.9,0.9746,8.3e-05,-5.61,2.632,-0.71666,0.00484,142749,115908,25,197.93
NIFTY,^NSEI,25850.0,24550,PE,NEXT_WEEK,11.0,0.158,6.8,-0.0251,8.3e-05,-1.787,2.632,-0.71666,0.00481,285315,102735,25,-395.607
NIFTY,^NSEI,25850.0,24600,CE,NEXT_WEEK,11.0,0.1571,1300.18,0.9706,9.4e-05,-5.837,2.975,-0.78787,0.00527,75944,58682,25,119.257
NIFTY,^NSEI,25850.0,24600,PE,NEXT_WEEK,11.0,0.1571,7.98,-0.0291,9.4e-05,-2.005,2.975,-0.78787,0.00524,126062,58642,25,-197.958
NIFTY,^NSEI,25850.0,24650,CE,NEXT_WEEK,11.0,0.1562,1251.66,0.9661,0.000107,-6.083,3.353,-0.86234,0.00572,55599,47020,25,99.383
NIFTY,^NSEI,25850.0,24650,PE,NEXT_WEEK,11.0,0.1562,9.36,-0.0336,0.000107,-2.242,3.353,-0.86234,0.00569,122702,96978,25,-219.329
NIFTY,^NSEI,25850.0,24700,CE,NEXT_WEEK,11.0,0.1553,1203.36,0.961,0.00012,-6.35,3.766,-0.93948,0.00617,137292,67449,25,275.225
NIFTY,^NSEI,25850.0,24700,PE,NEXT_WEEK,11.0,0.1553,10.95,-0.0387,0.00012,-2.499,3.766,-0.93948,0.00614,189927,57559,25,-380.74
NIFTY,^NSEI,25850.0,24750,CE,NEXT_WEEK,11.0,0.1544,1155.3,0.9552,0.000136,-6.637,4.218,-1.01855,0.00662,335978,62301,25,763.327
NIFTY,^NSEI,25850.0,24750,PE,NEXT_WEEK,11.0,0.1544,12.79,-0.0445,0.000136,-2.777,4.218,-1.01855,0.0066,553099,117423,25,-1256.617
NIFTY,^NSEI,25850.0,24800,CE,NEXT_WEEK,11.0,0.1535,1107.52,0.9486,0.000152,-6.944,4.708,-1.09861,0.00707,34401,7028,25,87.353
NIFTY,^NSEI,25850.0,24800,PE,NEXT_WEEK,11.0,0.1535,14.91,-0.0511,0.000152,-3.075,4.708,-1.09861,0.00705,57221,29866,25,-145.298
NIFTY,^NSEI,25850.0,24850,CE,NEXT_WEEK,11.0,0.1526,1060.06,0.9412,0.00017,-7.271,5.238,-1.17856,0.00751,62926,29323,25,178.706
NIFTY,^NSEI,25850.0,24850,PE,NEXT_WEEK,11.0,0.1526,17.35,-0.0585,0.00017,-3.393,5.238,-1.17856,0.00748,147523,47903,25,-418.957
NIFTY,^NSEI,25850.0,24900,CE,NEXT_WEEK,11.0,0.1517,1012.95,0.933,0.00019,-7.617,5.807,-1.25709,0.00792,25894,20267,25,82.189
NIFTY,^NSEI,25850.0,24900,PE,NEXT_WEEK,11.0,0.1517,20.14,-0.0667,0.00019,-3.73,5.807,-1.25709,0.00789,48926,17164,25,-155.294
NIFTY,^NSEI,25850.0,24950,CE,NEXT_WEEK,11.0,0.1508,966.25,0.9237,0.000211,-7.982,6.415,-1.3327,0.0083,21841,14724,25,76.987
NIFTY,^NSEI,25850.0,24950,PE,NEXT_WEEK,11.0,0.1508,23.34,-0.076,0.000211,-4.085,6.415,-1.3327,0.00828,29844,23385,25,-105.196
NIFTY,^NSEI,25850.0,25000,CE,NEXT_WEEK,11.0,0.15,920.0,0.9134,0.000234,-8.362,7.061,-1.4037,0.00864,263361,81474,25,1029.505
NIFTY,^NSEI,25850.0,25000,PE,NEXT_WEEK,11.0,0.15,26.98,-0.0863,0.000234,-4.456,7.061,-1.4037,0.00861,441609,222437,25,-1726.294
NIFTY,^NSEI,25850.0,25050,CE,NEXT_WEEK,11.0,0.1491,874.24,0.902,0.000258,-8.757,7.741,-1.46825,0.00892,96517,34585,25,415.992
NIFTY,^NSEI,25850.0,25050,PE,NEXT_WEEK,11.0,0.1491,31.13,-0.0977,0.000258,-4.842,7.741,-1.46825,0.0089,174960,95010,25,-754.084
NIFTY,^NSEI,25850.0,25100,CE,NEXT_WEEK,11.0,0.1482,829.05,0.8894,0.000283,-9.163,8.454,-1.52435,0.00914,73074,29004,25,345.47
NIFTY,^NSEI,25850.0,25100,PE,NEXT_WEEK,11.0,0.1482,35.83,-0.1103,0.000283,-5.238,8.454,-1.52435,0.00911,116871,22048,25,-552.528
NIFTY,^NSEI,25850.0,25150,CE,NEXT_WEEK,11.0,0.1473,784.47,0.8755,0.00031,-9.576,9.195,-1.56988,0.00927,86084,17557,25,445.805
NIFTY,^NSEI,25850.0,25150,PE,NEXT_WEEK,11.0,0.1473,41.15,-0.1242,0.00031,-5.643,9.195,-1.56988,0.00925,158333,123784,25,-819.963
NIFTY,^NSEI,25850.0,25200,CE,NEXT_WEEK,11.0,0.1464,740.57,0.8603,0.000338,-9.993,9.958,-1.60266,0.00931,76257,59738,25,430.584
NIFTY,^NSEI,25850.0,25200,PE,NEXT_WEEK,11.0,0.1464,47.15,-0.1394,0.000338,-6.051,9.958,-1.60266,0.00929,138443,34131,25,-781.716
NIFTY,^NSEI,25850.0,25250,CE,NEXT_WEEK,11.0,0.1455,697.42,0.8437,0.000366,-10.41,10.738,-1.6205,0.00925,206656,37897,25,1263.544
NIFTY,^NSEI,25850.0,25250,PE,NEXT_WEEK,11.0,0.1455,53.9,-0.156,0.000366,-6.458,10.738,-1.6205,0.00922,432521,181836,25,-2644.535
NIFTY,^NSEI,25850.0,25300,CE,NEXT_WEEK,11.0,0.1446,655.08,0.8256,0.000396,-10.82,11.527,-1.62125,0.00907,57325,32523,25,379.228
NIFTY,^NSEI,25850.0,25300,PE,NEXT_WEEK,11.0,0.1446,61.46,-0.1741,0.000396,-6.858,11.527,-1.62125,0.00904,119897,20641,25,-793.167
NIFTY,^NSEI,25850.0,25350,CE,NEXT_WEEK,11.0,0.1438,613.64,0.8061,0.000425,-11.217,12.316,-1.60288,0.00876,103510,26268,25,734.907
NIFTY,^NSEI,25850.0,25350,PE,NEXT_WEEK,11.0,0.1438,69.91,-0.1936,0.000425,-7.247,12.316,-1.60288,0.00874,205975,76535,25,-1462.395
NIFTY,^NSEI,25850.0,25400,CE,NEXT_WEEK,11.0,0.1429,573.16,0.7851,0.000455,-11.597,13.097,-1.56359,0.00832,41516,10302,25,315.564
NIFTY,^NSEI,25850.0,25400,PE,NEXT_WEEK,11.0,0.1429,79.33,-0.2146,0.000455,-7.617,13.097,-1.56359,0.0083,69713,32853,25,-529.891
NIFTY,^NSEI,25850.0,25450,CE,NEXT_WEEK,11.0,0.142,533.71,0.7625,0.000485,-11.951,13.858,-1.50186,0.00774,105760,59861,25,856.888
NIFTY,^NSEI,25850.0,25450,PE,NEXT_WEEK,11.0,0.142,89.79,-0.2372,0.000485,-7.962,13.858,-1.50186,0.00771,184771,90408,25,-1497.051
NIFTY,^NSEI,25850.0,25500,CE,NEXT_WEEK,11.0,0.1411,495.39,0.7385,0.000513,-12.274,14.588,-1.41655,0.00702,268733,136211,25,2303.029
NIFTY,^NSEI,25850.0,25500,PE,NEXT_WEEK,11.0,0.1411,101.36,-0.2612,0.000513,-8.275,14.588,-1.41655,0.00699,468665,136053,25,-4016.437
NIFTY,^NSEI,25850.0,25550,CE,NEXT_WEEK,11.0,0.1402,458.26,0.713,0.000541,-12.557,15.276,-1.30701,0.00615,50493,7998,25,456.341
NIFTY,^NSEI,25850.0,25550,PE,NEXT_WEEK,11.0,0.1402,114.12,-0.2867,0.000541,-8.549,15.276,-1.30701,0.00612,91413,57154,25,-826.164
NIFTY,^NSEI,25850.0,25600,CE,NEXT_WEEK,11.0,0.1394,422.39,0.6861,0.000567,-12.794,15.908,-1.17316,0.00514,99250,37939,25,940.101
NIFTY,^NSEI,25850.0,25600,PE,NEXT_WEEK,11.0,0.1394,128.16,-0.3136,0.000567,-8.777,15.908,-1.17316,0.00511,172778,64875,25,-1636.563
NIFTY,^NSEI,25850.0,25650,CE,NEXT_WEEK,11.0,0.1385,387.86,0.6579,0.000591,-12.977,16.474,-1.01553,0.00401,130300,99032,25,1286.45
NIFTY,^NSEI,25850.0,25650,PE,NEXT_WEEK,11.0,0.1385,143.53,-0.3418,0.000591,-8.952,16.474,-1.01553,0.00398,251099,138478,25,-2479.097
NIFTY,^NSEI,25850.0,25700,CE,NEXT_WEEK,11.0,0.1376,354.74,0.6284,0.000612,-13.102,16.96,-0.83537,0.00275,25888,12539,25,264.674
NIFTY,^NSEI,25850.0,25700,PE,NEXT_WEEK,11.0,0.1376,160.31,-0.3713,0.000612,-9.067,16.96,-0.83537,0.00272,62634,10343,25,-640.358
NIFTY,^NSEI,25850.0,25750,CE,NEXT_WEEK,11.0,0.1367,323.09,0.5978,0.00063,-13.162,17.355,-0.63465,0.00139,478969,254064,25,5040.911
NIFTY,^NSEI,25850.0,25750,PE,NEXT_WEEK,11.0,0.1367,178.55,-0.4019,0.00063,-9.117,17.355,-0.63465,0.00137,689273,115250,25,-7254.257
NIFTY,^NSEI,25850.0,25800,CE,NEXT_WEEK,11.0,0.1359,292.97,0.5663,0.000645,-13.152,17.649,-0.4161,-4e-05,83096,15484,25,895.367
NIFTY,^NSEI,25850.0,25800,PE,NEXT_WEEK,11.0,0.1359,198.33,-0.4334,0.000645,-9.098,17.649,-0.4161,-7e-05,191057,157747,25,-2058.656
NIFTY,^NSEI,25850.0,25850,CE,NEXT_WEEK,11.0,0.135,264.43,0.534,0.000656,-13.068,17.832,-0.18315,-0.00153,237000,72130,25,2597.247
NIFTY,^NSEI,25850.0,25850,PE,NEXT_WEEK,11.0,0.135,219.69,-0.4657,0.000656,-9.005,17.832,-0.18315,-0.00156,260697,133323,25,-2856.939
NIFTY,^NSEI,25850.0,25900,CE,NEXT_WEEK,11.0,0.1341,237.51,0.5011,0.000663,-12.908,17.897,0.06009,-0.00305,263718,139444,25,2920.885
NIFTY,^NSEI,25850.0,25900,PE,NEXT_WEEK,11.0,0.1341,242.66,-0.4986,0.000663,-8.836,17.897,0.06009,-0.00308,125022,102388,25,-1384.717
NIFTY,^NSEI,25850.0,25950,CE,NEXT_WEEK,11.0,0.1333,212.23,0.4678,0.000665,-12.672,17.84,0.30893,-0.00457,189816,57402,25,2108.704
NIFTY,^NSEI,25850.0,25950,PE,NEXT_WEEK,11.0,0.1333,267.29,-0.5319,0.000665,-8.591,17.84,0.30893,-0.00459,92923,26009,25,-1032.3
NIFTY,^NSEI,25850.0,26000,CE,NEXT_WEEK,11.0,0.1324,188.63,0.4344,0.000662,-12.359,17.656,0.5582,-0.00604,712107,295477,25,7875.25
NIFTY,^NSEI,25850.0,26000,PE,NEXT_WEEK,11.0,0.1324,293.58,-0.5653,0.000662,-8.269,17.656,0.5582,-0.00607,472423,367618,25,-5224.565
NIFTY,^NSEI,25850.0,26050,CE,NEXT_WEEK,11.0,0.1315,166.71,0.4011,0.000655,-11.973,17.346,0.80248,-0.00745,147664,105416,25,1615.761
NIFTY,^NSEI,25850.0,26050,PE,NEXT_WEEK,11.0,0.1315,321.56,-0.5986,0.000655,-7.873,17.346,0.80248,-0.00748,81265,12413,25,-889.213
NIFTY,^NSEI,25850.0,26100,CE,NEXT_WEEK,11.0,0.1307,146.46,0.3681,0.000643,-11.516,16.912,1.03619,-0.00876,53761,26614,25,577.483
NIFTY,^NSEI,25850.0,26100,PE,NEXT_WEEK,11.0,0.1307,351.21,-0.6316,0.000643,-7.407,16.912,1.03619,-0.00879,34707,25427,25,-372.811
NIFTY,^NSEI,25850.0,26150,CE,NEXT_WEEK,11.0,0.1298,127.88,0.3357,0.000626,-10.995,16.359,1.25387,-0.00994,151753,114041,25,1586.985
NIFTY,^NSEI,25850.0,26150,PE,NEXT_WEEK,11.0,0.1298,382.53,-0.664,0.000626,-6.877,16.359,1.25387,-0.00996,73823,30200,25,-772.017
NIFTY,^NSEI,25850.0,26200,CE,NEXT_WEEK,11.0,0.1289,110.93,0.3042,0.000605,-10.417,15.697,1.45037,-0.01095,46405,12901,25,469.009
NIFTY,^NSEI,25850.0,26200,PE,NEXT_WEEK,11.0,0.1289,415.48,-0.6955,0.000605,-6.29,15.697,1.45037,-0.01098,34444,14480,25,-348.121
NIFTY,^NSEI,25850.0,26250,CE,NEXT_WEEK,11.0,0.1281,95.57,0.2736,0.000579,-9.791,14.935,1.62105,-0.01179,615366,188999,25,5952.14
NIFTY,^NSEI,25850.0,26250,PE,NEXT_WEEK,11.0,0.1281,450.02,-0.7261,0.000579,-5.654,14.935,1.62105,-0.01181,341703,99120,25,-3305.129
NIFTY,^NSEI,25850.0,26300,CE,NEXT_WEEK,11.0,0.1272,81.75,0.2444,0.00055,-9.126,14.087,1.76202,-0.01242,167857,121685,25,1542.28
NIFTY,^NSEI,25850.0,26300,PE,NEXT_WEEK,11.0,0.1272,486.1,-0.7553,0.00055,-4.98,14.087,1.76202,-0.01245,68624,32288,25,-630.521
NIFTY,^NSEI,25850.0,26350,CE,NEXT_WEEK,11.0,0.1264,69.41,0.2166,0.000518,-8.432,13.168,1.8703,-0.01284,199246,104292,25,1724.172
NIFTY,^NSEI,25850.0,26350,PE,NEXT_WEEK,11.0,0.1264,523.66,-0.7831,0.000518,-4.277,13.168,1.8703,-0.01287,107914,72567,25,-933.832
NIFTY,^NSEI,25850.0,26400,CE,NEXT_WEEK,11.0,0.1255,58.48,0.1905,0.000483,-7.721,12.195,1.94398,-0.01305,220202,78288,25,1776.763
NIFTY,^NSEI,25850.0,26400,PE,NEXT_WEEK,11.0,0.1255,562.62,-0.8092,0.000483,-3.557,12.195,1.94398,-0.01308,120772,25318,25,-974.484
NIFTY,^NSEI,25850.0,26450,CE,NEXT_WEEK,11.0,0.1246,48.86,0.1661,0.000446,-7.004,11.185,1.98229,-0.01304,231527,53838,25,1725.034
NIFTY,^NSEI,25850.0,26450,PE,NEXT_WEEK,11.0,0.1246,602.9,-0.8336,0.000446,-2.831,11.185,1.98229,-0.01307,110192,89199,25,-821.005
NIFTY,^NSEI,25850.0,26500,CE,NEXT_WEEK,11.0,0.1238,40.48,0.1435,0.000408,-6.292,10.158,1.98565,-0.01283,735616,527662,25,5013.863
NIFTY,^NSEI,25850.0,26500,PE,NEXT_WEEK,11.0,0.1238,644.42,-0.8562,0.000408,-2.11,10.158,1.98565,-0.01285,400384,231271,25,-2728.965
NIFTY,^NSEI,25850.0,26550,CE,NEXT_WEEK,11.0,0.1229,33.24,0.1229,0.000369,-5.596,9.13,1.95566,-0.01243,136538,41665,25,841.668
NIFTY,^NSEI,25850.0,26550,PE,NEXT_WEEK,11.0,0.1229,687.08,-0.8768,0.000369,-1.404,9.13,1.95566,-0.01245,66434,10342,25,-409.523
NIFTY,^NSEI,25850.0,26600,CE,NEXT_WEEK,11.0,0.1221,27.05,0.1043,0.00033,-4.925,8.12,1.89499,-0.01186,248093,91921,25,1367.696
NIFTY,^NSEI,25850.0,26600,PE,NEXT_WEEK,11.0,0.1221,730.78,-0.8954,0.00033,-0.724,8.12,1.89499,-0.01188,125533,32841,25,-692.043
NIFTY,^NSEI,25850.0,26650,CE,NEXT_WEEK,11.0,0.1212,21.79,0.0876,0.000293,-4.288,7.142,1.80727,-0.01115,157116,61877,25,769.04
NIFTY,^NSEI,25850.0,26650,PE,NEXT_WEEK,11.0,0.1212,775.42,-0.9121,0.000293,-0.077,7.142,1.80727,-0.01117,79340,65105,25,-388.348
NIFTY,^NSEI,25850.0,26700,CE,NEXT_WEEK,11.0,0.1204,17.38,0.0728,0.000256,-3.691,6.21,1.69685,-0.01033,95630,56766,25,408.974
NIFTY,^NSEI,25850.0,26700,PE,NEXT_WEEK,11.0,0.1204,820.91,-0.9269,0.000256,0.529,6.21,1.69685,-0.01035,57866,26994,25,-247.471
NIFTY,^NSEI,25850.0,26750,CE,NEXT_WEEK,11.0,0.1195,13.72,0.0599,0.000222,-3.141,5.337,1.56865,-0.00942,676045,115975,25,2507.204
NIFTY,^NSEI,25850.0,26750,PE,NEXT_WEEK,11.0,0.1195,867.14,-0.9398,0.000222,1.088,5.337,1.56865,-0.00945,468153,128202,25,-1736.209
NIFTY,^NSEI,25850.0,26800,CE,NEXT_WEEK,11.0,0.1187,10.71,0.0487,0.00019,-2.64,4.531,1.42782,-0.00847,165909,75304,25,526.605
NIFTY,^NSEI,25850.0,26800,PE,NEXT_WEEK,11.0,0.1187,914.03,-0.951,0.00019,1.598,4.531,1.42782,-0.0085,86626,16807,25,-274.956
NIFTY,^NSEI,25850.0,26850,CE,NEXT_WEEK,11.0,0.1178,8.26,0.0391,0.00016,-2.192,3.798,1.27956,-0.0075,173492,76336,25,463.725
NIFTY,^NSEI,25850.0,26850,PE,NEXT_WEEK,11.0,0.1178,961.49,-0.9606,0.00016,2.056,3.798,1.27956,-0.00753,84098,22083,25,-224.785
NIFTY,^NSEI,25850.0,26900,CE,NEXT_WEEK,11.0,0.117,6.3,0.0311,0.000133,-1.796,3.142,1.12882,-0.00654,52386,14689,25,116.393
NIFTY,^NSEI,25850.0,26900,PE,NEXT_WEEK,11.0,0.117,1009.42,-0.9686,0.000133,2.461,3.142,1.12882,-0.00657,40545,13776,25,-90.084
NIFTY,^NSEI,25850.0,26950,CE,NEXT_WEEK,11.0,0.1161,4.74,0.0243,0.00011,-1.452,2.565,0.98012,-0.00562,175818,144867,25,323.085
NIFTY,^NSEI,25850.0,26950,PE,NEXT_WEEK,11.0,0.1161,1057.77,-0.9754,0.00011,2.814,2.565,0.98012,-0.00565,102594,70717,25,-188.528
NIFTY,^NSEI,25850.0,27000,CE,NEXT_WEEK,11.0,0.1153,3.53,0.0188,8.9e-05,-1.158,2.064,0.83736,-0.00475,333543,129663,25,495.91
NIFTY,^NSEI,25850.0,27000,PE,NEXT_WEEK,11.0,0.1153,1106.45,-0.9809,8.9e-05,3.117,2.064,0.83736,-0.00478,162044,90446,25,-240.926
NIFTY,^NSEI,25850.0,27050,CE,NEXT_WEEK,11.0,0.1144,2.59,0.0144,7.1e-05,-0.91,1.637,0.70371,-0.00395,228804,127397,25,271.383
NIFTY,^NSEI,25850.0,27050,PE,NEXT_WEEK,11.0,0.1144,1155.41,-0.9853,7.1e-05,3.374,1.637,0.70371,-0.00398,118538,46530,25,-140.597
NIFTY,^NSEI,25850.0,27100,CE,NEXT_WEEK,11.0,0.1136,1.87,0.0108,5.6e-05,-0.704,1.28,0.58153,-0.00323,211349,176956,25,197.719
NIFTY,^NSEI,25850.0,27100,PE,NEXT_WEEK,11.0,0.1136,1204.59,-0.9889,5.6e-05,3.589,1.28,0.58153,-0.00326,107812,82036,25,-100.859
NIFTY,^NSEI,25850.0,27150,CE,NEXT_WEEK,11.0,0.1127,1.33,0.008,4.3e-05,-0.537,0.984,0.47238,-0.0026,192879,111818,25,138.553
NIFTY,^NSEI,25850.0,27150,PE,NEXT_WEEK,11.0,0.1127,1253.95,-0.9917,4.3e-05,3.766,0.984,0.47238,-0.00262,112519,42724,25,-80.827
NIFTY,^NSEI,25850.0,27200,CE,NEXT_WEEK,11.0,0.1119,0.94,0.0058,3.3e-05,-0.403,0.745,0.377,-0.00205,268017,195535,25,147.753
NIFTY,^NSEI,25850.0,27200,PE,NEXT_WEEK,11.0,0.1119,1303.45,-0.9939,3.3e-05,3.909,0.745,0.377,-0.00208,119081,64269,25,-65.647
NIFTY,^NSEI,25850.0,27250,CE,NEXT_WEEK,11.0,0.1111,0.65,0.0042,2.5e-05,-0.297,0.555,0.29549,-0.00159,485408,394787,25,202.725
NIFTY,^NSEI,25850.0,27250,PE,NEXT_WEEK,11.0,0.1111,1353.06,-0.9955,2.5e-05,4.024,0.555,0.29549,-0.00162,236471,39197,25,-98.76
NIFTY,^NSEI,25850.0,27300,CE,NEXT_WEEK,11.0,0.1102,0.44,0.003,1.8e-05,-0.215,0.406,0.22734,-0.00121,133323,65755,25,40.09
NIFTY,^NSEI,25850.0,27300,PE,NEXT_WEEK,11.0,0.1102,1402.75,-0.9967,1.8e-05,4.115,0.406,0.22734,-0.00124,78327,44707,25,-23.553
NIFTY,^NSEI,25850.0,27350,CE,NEXT_WEEK,11.0,0.1094,0.29,0.0021,1.3e-05,-0.153,0.292,0.1716,-0.00091,231743,93390,25,50.328
NIFTY,^NSEI,25850.0,27350,PE,NEXT_WEEK,11.0,0.1094,1452.5,-0.9976,1.3e-05,4.186,0.292,0.1716,-0.00093,135794,78910,25,-29.491
NIFTY,^NSEI,25850.0,27400,CE,NEXT_WEEK,11.0,0.1086,0.19,0.0014,9e-06,-0.107,0.206,0.127,-0.00066,220657,157902,25,33.176
NIFTY,^NSEI,25850.0,27400,PE,NEXT_WEEK,11.0,0.1086,1502.3,-0.9983,9e-06,4.242,0.206,0.127,-0.00069,111309,80063,25,-16.735
NIFTY,^NSEI,25850.0,27450,CE,NEXT_WEEK,11.0,0.1077,0.12,0.0009,7e-06,-0.073,0.142,0.0921,-0.00048,91099,17111,25,10.653
NIFTY,^NSEI,25850.0,27450,PE,NEXT_WEEK,11.0,0.1077,1552.13,-0.9988,7e-06,4.285,0.142,0.0921,-0.00051,55509,19076,25,-6.491
NIFTY,^NSEI,25850.0,27500,CE,NEXT_WEEK,11.0,0.1069,0.08,0.0006,4e-06,-0.049,0.097,0.06541,-0.00034,291844,172222,25,19.502
NIFTY,^NSEI,25850.0,27500,PE,NEXT_WEEK,11.0,0.1069,1601.98,-0.9991,4e-06,4.318,0.097,0.06541,-0.00036,139144,115947,25,-9.298
NIFTY,^NSEI,25850.0,27550,CE,NEXT_WEEK,11.0,0.1061,0.05,0.0004,3e-06,-0.033,0.064,0.04546,-0.00023,218648,68056,25,10.958
NIFTY,^NSEI,25850.0,27550,PE,NEXT_WEEK,11.0,0.1061,1651.85,-0.9993,3e-06,4.344,0.064,0.04546,-0.00026,84746,14726,25,-4.247
NIFTY,^NSEI,25850.0,27600,CE,NEXT_WEEK,11.0,0.1052,0.05,0.0002,2e-06,-0.021,0.042,0.0309,-0.00016,153733,35508,25,5.136
NIFTY,^NSEI,25850.0,27600,PE,NEXT_WEEK,11.0,0.1052,1701.73,-0.9994,2e-06,4.365,0.042,0.0309,-0.00018,74885,24525,25,-2.502
NIFTY,^NSEI,25850.0,24100,CE,MONTHLY,25.0,0.1662,1863.13,0.957,8e-05,-5.579,6.098,-0.91194,0.00273,54045,29834,25,72.228
NIFTY,^NSEI,25850.0,24100,PE,MONTHLY,25.0,0.1662,19.67,-0.0423,8e-05,-1.851,6.098,-0.91194,0.0027,108440,36877,25,-144.924
NIFTY,^NSEI,25850.0,24150,CE,MONTHLY,25.0,0.1652,1815.19,0.9534,8.6e-05,-5.7,6.514,-0.95707,0.00284,97459,71811,25,140.017
NIFTY,^NSEI,25850.0,24150,PE,MONTHLY,25.0,0.1652,21.5,-0.0459,8.6e-05,-1.962,6.514,-0.95707,0.00281,180714,46783,25,-259.628
NIFTY,^NSEI,25850.0,24200,CE,MONTHLY,25.0,0.1643,1767.41,0.9495,9.2e-05,-5.825,6.952,-1.00274,0.00295,42812,30826,25,65.798
NIFTY,^NSEI,25850.0,24200,PE,MONTHLY,25.0,0.1643,23.49,-0.0498,9.2e-05,-2.078,6.952,-1.00274,0.00292,64387,14652,25,-98.957
NIFTY,^NSEI,25850.0,24250,CE,MONTHLY,25.0,0.1634,1719.81,0.9454,9.9e-05,-5.954,7.411,-1.04876,0.00305,172356,30174,25,285.051
NIFTY,^NSEI,25850.0,24250,PE,MONTHLY,25.0,0.1634,25.65,-0.054,9.9e-05,-2.198,7.411,-1.04876,0.00302,390219,140037,25,-645.364
NIFTY,^NSEI,25850.0,24300,CE,MONTHLY,25.0,0.1625,1672.39,0.9409,0.000106,-6.088,7.894,-1.09489,0.00315,137528,80221,25,243.533
NIFTY,^NSEI,25850.0,24300,PE,MONTHLY,25.0,0.1625,28.01,-0.0584,0.000106,-2.323,7.894,-1.09489,0.00313,184550,64059,25,-326.799
NIFTY,^NSEI,25850.0,24350,CE,MONTHLY,25.0,0.1616,1625.18,0.936,0.000114,-6.226,8.398,-1.14085,0.00325,55066,28841,25,104.87
NIFTY,^NSEI,25850.0,24350,PE,MONTHLY,25.0,0.1616,30.56,-0.0633,0.000114,-2.451,8.398,-1.14085,0.00322,94631,22200,25,-180.219
NIFTY,^NSEI,25850.0,24400,CE,MONTHLY,25.0,0.1607,1578.18,0.9309,0.000121,-6.368,8.926,-1.18634,0.00334,132138,80002,25,267.1
NIFTY,^NSEI,25850.0,24400,PE,MONTHLY,25.0,0.1607,33.34,-0.0684,0.000121,-2.584,8.926,-1.18634,0.00332,210585,72582,25,-425.671
NIFTY,^NSEI,25850.0,24450,CE,MONTHLY,25.0,0.1598,1531.42,0.9253,0.00013,-6.514,9.476,-1.23105,0.00343,62802,30754,25,136.389
NIFTY,^NSEI,25850.0,24450,PE,MONTHLY,25.0,0.1598,36.34,-0.074,0.00013,-2.721,9.476,-1.23105,0.00341,119004,61973,25,-258.444
NIFTY,^NSEI,25850.0,24500,CE,MONTHLY,25.0,0.1589,1484.91,0.9194,0.000138,-6.663,10.049,-1.2746,0.00351,254677,147909,25,587.124
NIFTY,^NSEI,25850.0,24500,PE,MONTHLY,25.0,0.1589,39.6,-0.0799,0.000138,-2.861,10.049,-1.2746,0.00349,532631,256976,25,-1227.91
NIFTY,^NSEI,25850.0,24550,CE,MONTHLY,25.0,0.158,1438.67,0.913,0.000147,-6.816,10.644,-1.31661,0.00359,77880,26393,25,191.251
NIFTY,^NSEI,25850.0,24550,PE,MONTHLY,25.0,0.158,43.13,-0.0863,0.000147,-3.004,10.644,-1.31661,0.00356,123258,74999,25,-302.687
NIFTY,^NSEI,25850.0,24600,CE,MONTHLY,25.0,0.1571,1392.73,0.9063,0.000157,-6.971,11.26,-1.35665,0.00365,87659,40039,25,229.91
NIFTY,^NSEI,25850.0,24600,PE,MONTHLY,25.0,0.1571,46.95,-0.0931,0.000157,-3.15,11.26,-1.35665,0.00362,169553,34870,25,-444.699
NIFTY,^NSEI,25850.0,24650,CE,MONTHLY,25.0,0.1562,1347.09,0.899,0.000166,-7.129,11.897,-1.39427,0.0037,24309,16847,25,67.412
NIFTY,^NSEI,25850.0,24650,PE,MONTHLY,25.0,0.1562,51.09,-0.1003,0.000166,-3.299,11.897,-1.39427,0.00368,35579,24562,25,-98.665
NIFTY,^NSEI,25850.0,24700,CE,MONTHLY,25.0,0.1553,1301.78,0.8913,0.000177,-7.288,12.553,-1.42898,0.00374,117423,78796,25,347.206
NIFTY,^NSEI,25850.0,24700,PE,MONTHLY,25.0,0.1553,55.55,-0.108,0.000177,-3.449,12.553,-1.42898,0.00372,195931,61698,25,-579.345
NIFTY,^NSEI,25850.0,24750,CE,MONTHLY,25.0,0.1544,1256.84,0.8831,0.000187,-7.449,13.228,-1.46027,0.00377,310820,195652,25,970.983
NIFTY,^NSEI,25850.0,24750,PE,MONTHLY,25.0,0.1544,60.37,-0.1162,0.000187,-3.601,13.228,-1.46027,0.00374,751867,298363,25,-2348.788
NIFTY,^NSEI,25850.0,24800,CE,MONTHLY,25.0,0.1535,1212.27,0.8744,0.000198,-7.611,13.92,-1.48761,0.00378,111707,79879,25,369.493
NIFTY,^NSEI,25850.0,24800,PE,MONTHLY,25.0,0.1535,65.58,-0.125,0.000198,-3.753,13.92,-1.48761,0.00376,179971,92405,25,-595.29
NIFTY,^NSEI,25850.0,24850,CE,MONTHLY,25.0,0.1526,1168.11,0.8651,0.000209,-7.772,14.627,-1.51045,0.00378,135924,96547,25,474.574
NIFTY,^NSEI,25850.0,24850,PE,MONTHLY,25.0,0.1526,71.18,-0.1342,0.000209,-3.905,14.627,-1.51045,0.00375,186210,102242,25,-650.145
NIFTY,^NSEI,25850.0,24900,CE,MONTHLY,25.0,0.1517,1124.38,0.8553,0.000221,-7.933,15.348,-1.5282,0.00376,70206,45617,25,259.196
NIFTY,^NSEI,25850.0,24900,PE,MONTHLY,25.0,0.1517,77.22,-0.144,0.000221,-4.057,15.348,-1.5282,0.00373,147150,26252,25,-543.267
NIFTY,^NSEI,25850.0,24950,CE,MONTHLY,25.0,0.1508,1081.1,0.8449,0.000233,-8.092,16.079,-1.54029,0.00372,35643,21529,25,138.737
NIFTY,^NSEI,25850.0,24950,PE,MONTHLY,25.0,0.1508,83.72,-0.1544,0.000233,-4.207,16.079,-1.54029,0.00369,57599,9370,25,-224.198
NIFTY,^NSEI,25850.0,25000,CE,MONTHLY,25.0,0.15,1038.32,0.8339,0.000245,-8.248,16.818,-1.54613,0.00366,406707,265505,25,1664.596
NIFTY,^NSEI,25850.0,25000,PE,MONTHLY,25.0,0.15,90.7,-0.1654,0.000245,-4.354,16.818,-1.54613,0.00363,561386,243750,25,-2297.676
NIFTY,^NSEI,25850.0,25050,CE,MONTHLY,25.0,0.1491,996.05,0.8223,0.000257,-8.401,17.563,-1.54512,0.00358,85694,33397,25,367.913
NIFTY,^NSEI,25850.0,25050,PE,MONTHLY,25.0,0.1491,98.21,-0.177,0.000257,-4.497,17.563,-1.54512,0.00355,150649,67951,25,-646.786
NIFTY,^NSEI,25850.0,25100,CE,MONTHLY,25.0,0.1482,954.33,0.8101,0.00027,-8.549,18.31,-1.53669,0.00348,102401,67884,25,461.88
NIFTY,^NSEI,25850.0,25100,PE,MONTHLY,25.0,0.1482,106.26,-0.1893,0.00027,-4.636,18.31,-1.53669,0.00345,196400,154674,25,-885.863
NIFTY,^NSEI,25850.0,25150,CE,MONTHLY,25.0,0.1473,913.19,0.7972,0.000283,-8.691,19.055,-1.52028,0.00335,47979,20245,25,226.829
NIFTY,^NSEI,25850.0,25150,PE,MONTHLY,25.0,0.1473,114.88,-0.2021,0.000283,-4.769,19.055,-1.52028,0.00332,68409,14335,25,-323.415
NIFTY,^NSEI,25850.0,25200,CE,MONTHLY,25.0,0.1464,872.66,0.7837,0.000295,-8.826,19.795,-1.49535,0.0032,68651,53573,25,338.322
NIFTY,^NSEI,25850.0,25200,PE,MONTHLY,25.0,0.1464,124.12,-0.2156,0.000295,-4.895,19.795,-1.49535,0.00317,135376,109300,25,-667.152
NIFTY,^NSEI,25850.0,25250,CE,MONTHLY,25.0,0.1455,832.77,0.7695,0.000308,-8.954,20.525,-1.4614,0.00302,265225,98824,25,1364.666
NIFTY,^NSEI,25850.0,25250,PE,MONTHLY,25.0,0.1455,134.0,-0.2298,0.000308,-5.013,20.525,-1.4614,0.00299,472252,354276,25,-2429.884
NIFTY,^NSEI,25850.0,25300,CE,MONTHLY,25.0,0.1446,793.56,0.7547,0.000321,-9.072,21.242,-1.418,0.00282,37152,10627,25,199.227
NIFTY,^NSEI,25850.0,25300,PE,MONTHLY,25.0,0.1446,144.56,-0.2446,0.000321,-5.122,21.242,-1.418,0.00279,54546,14466,25,-292.502
NIFTY,^NSEI,25850.0,25350,CE,MONTHLY,25.0,0.1438,755.05,0.7393,0.000333,-9.179,21.939,-1.36476,0.00259,68251,55108,25,379.677
NIFTY,^NSEI,25850.0,25350,PE,MONTHLY,25.0,0.1438,155.82,-0.2601,0.000333,-5.22,21.939,-1.36476,0.00256,147802,75792,25,-822.215
NIFTY,^NSEI,25850.0,25400,CE,MONTHLY,25.0,0.1429,717.29,0.7231,0.000346,-9.274,22.613,-1.30136,0.00233,31757,16980,25,183.559
NIFTY,^NSEI,25850.0,25400,PE,MONTHLY,25.0,0.1429,167.83,-0.2762,0.000346,-5.306,22.613,-1.30136,0.0023,66031,10100,25,-381.667
NIFTY,^NSEI,25850.0,25450,CE,MONTHLY,25.0,0.142,680.31,0.7064,0.000358,-9.356,23.259,-1.22759,0.00205,99027,26239,25,592.24
NIFTY,^NSEI,25850.0,25450,PE,MONTHLY,25.0,0.142,180.62,-0.293,0.000358,-5.379,23.259,-1.22759,0.00202,185024,31225,25,-1106.553
NIFTY,^NSEI,25850.0,25500,CE,MONTHLY,25.0,0.1411,644.14,0.6889,0.00037,-9.424,23.87,-1.14331,0.00174,131797,43236,25,814.645
NIFTY,^NSEI,25850.0,25500,PE,MONTHLY,25.0,0.1411,194.22,-0.3104,0.00037,-5.437,23.87,-1.14331,0.00171,249863,59946,25,-1544.418
NIFTY,^NSEI,25850.0,25550,CE,MONTHLY,25.0,0.1402,608.82,0.6709,0.000381,-9.475,24.443,-1.04851,0.00141,24481,20023,25,155.817
NIFTY,^NSEI,25850.0,25550,PE,MONTHLY,25.0,0.1402,208.66,-0.3284,0.000381,-5.48,24.443,-1.04851,0.00138,38700,11086,25,-246.319
NIFTY,^NSEI,25850.0,25600,CE,MONTHLY,25.0,0.1394,574.37,0.6523,0.000391,-9.51,24.97,-0.9433,0.00105,87530,74283,25,571.735
NIFTY,^NSEI,25850.0,25600,PE,MONTHLY,25.0,0.1394,223.99,-0.347,0.000391,-5.505,24.97,-0.9433,0.00103,118569,47036,25,-774.478
NIFTY,^NSEI,25850.0,25650,CE,MONTHLY,25.0,0.1385,540.83,0.633,0.000401,-9.526,25.447,-0.82793,0.00068,30708,7041,25,205.711
NIFTY,^NSEI,25850.0,25650,PE,MONTHLY,25.0,0.1385,240.22,-0.3663,0.000401,-5.512,25.447,-0.82793,0.00065,63576,27335,25,-425.891
NIFTY,^NSEI,25850.0,25700,CE,MONTHLY,25.0,0.1376,508.24,0.6133,0.000411,-9.523,25.868,-0.70276,0.00028,113505,90486,25,779.324
NIFTY,^NSEI,25850.0,25700,PE,MONTHLY,25.0,0.1376,257.39,-0.386,0.000411,-5.5,25.868,-0.70276,0.00025,240307,38011,25,-1649.945
NIFTY,^NSEI,25850.0,25750,CE,MONTHLY,25.0,0.1367,476.61,0.593,0.000419,-9.5,26.229,-0.56835,-0.00014,293163,161539,25,2052.033
NIFTY,^NSEI,25850.0,25750,PE,MONTHLY,25.0,0.1367,275.54,-0.4063,0.000419,-5.468,26.229,-0.56835,-0.00016,619785,257719,25,-4338.266
NIFTY,^NSEI,25850.0,25800,CE,MONTHLY,25.0,0.1359,445.99,0.5722,0.000427,-9.455,26.523,-0.42538,-0.00057,109170,50944,25,778.74
NIFTY,^NSEI,25850.0,25800,PE,MONTHLY,25.0,0.1359,294.69,-0.4271,0.000427,-5.414,26.523,-0.42538,-0.00059,156416,88903,25,-1115.758
NIFTY,^NSEI,25850.0,25850,CE,MONTHLY,25.0,0.135,416.4,0.551,0.000433,-9.388,26.747,-0.27471,-0.00101,96603,41176,25,698.779
NIFTY,^NSEI,25850.0,25850,PE,MONTHLY,25.0,0.135,314.86,-0.4483,0.000433,-5.338,26.747,-0.27471,-0.00103,111724,17613,25,-808.157
NIFTY,^NSEI,25850.0,25900,CE,MONTHLY,25.0,0.1341,387.85,0.5294,0.000438,-9.299,26.896,-0.11735,-0.00145,195728,67106,25,1432.149
NIFTY,^NSEI,25850.0,25900,PE,MONTHLY,25.0,0.1341,336.09,-0.4699,0.000438,-5.239,26.896,-0.11735,-0.00148,135687,83061,25,-992.827
